grp_id,soil_series,soil_series_id,grp_properties,grp_resourcefullness,grp_properties_upper_organic,grp_properties_upper_N,grp_properties_upper_P,grp_properties_upper_K,grp_properties_upper_pH,grp_properties_lower_organic,grp_properties_lower_N,grp_properties_lower_P,grp_properties_lower_K,grp_properties_lower_pH,grp_properties_upper_pH_upper,grp_properties_upper_pH_lower,grp_properties_lower_pH_upper,grp_properties_lower_pH_lower,grp_awc,grp_awc_lst,grp_awc_min,grp_awc_max,grp_awc_avg
1,ชุดดินบ้านหมี่ (Bm) ชุดดินบ้านโภชน์ (Bpo) ชุดดินบุรีรัมย์  (Br) ชุดดินช่องแค (Ck) ชุดดินโคกกระเทียม  (Kk) ชุดดินวัฒนา (Wa) หรือดินคล้ายอื่นๆ  ที่มีลักษณะและสมบัติจัดอยู่ในกลุ่มชุดดินนี้,"['Bm', 'Bpo', 'Br', 'Ck', 'Kk', 'Wa']",เป็นกลุ่มชุดดินที่เกิดจากวัตถุต้นกำเนิดดินพวกตะกอนลำน้ำ  ในบริเวณเทือกเขาหินปูนหรือหินภูเขาไฟ สภาพพื้นที่เป็นที่ราบลุ่ม  มีน้ำแช่ขังในช่วงฤดูฝน เป็นดินลึกที่มีการระบายน้ำเลวหรือค่อนข้างเลว  เนื้อดินเป็นพวกดินเหนียวจัด หน้าดินแตกระแหงเป็นร่องลึกในฤดูแล้ง  และมีรอยถูไถลในดิน สีดินส่วนมากเป็นสีดำ หรือสีเทาแก่ตลอด มีจุดประสีน้ำตาล  สีเหลือง และอาจพบจุดประสีแดงบ้าง ปะปนตลอดชั้นดิน  ส่วนดินชั้นล่างมักมีก้อนปูนปะปน ปฏิกิริยาดินส่วนใหญ่เป็นกรดจัดถึงเป็นด่างเล็กน้อย,ปานกลางถึงสูง,2.2,0.11000000000000001,18.5,115.8,"[5.5, 6.5]",1.7,0.085,19.0,111.6,"[6.0, 7.5]",6.5,5.5,7.5,6.0,"มีค่าระหว่าง 19.86-22.82 
                          เปอร์เซ็นต์โดยน้ำหนัก เฉลี่ย 20.99 เปอร์เซ็นต์โดยน้ำหนัก 
                          ภายในความลึก 120 เซนติเมตร จากผิวหน้าดิน
                          (หมายเหตุ ปริมาณน้ำที่พืชใช้ประโยชน์ได้ หมายถึงผลต่างของความชื้นความจุสนามมีค่าพลังงาน 
                          -33 กิโลพาสคาล และความชื้นที่จุดเหี่ยวถาวรมีค่าพลังงาน 
                          -1,500 กิโลพาสคาล)","['19.86', '22.82', '20.99', '120', '33', '1,500']",19.86,22.82,20.99
2,อยุธยา (Ay) ชุดดินบางเขน (Bn) ชุดดินบางน้ำเปรี้ยว  (Bp) ชุดดินมหาโพธิ (Ma) ชุดดินท่าขวาง  (Tq) หรือดินคล้ายอื่นๆ ที่มีลักษณะและสมบัติจัดอยู่ในกลุ่มชุดดินนี้,"['Ay', 'Bn', 'Bp', 'Ma', 'Tq']",เป็นกลุ่มชุดดินที่เกิดจากวัตถุต้นกำเนิดดินพวกตะกอนผสมของตะกอนลำน้ำและตะกอนน้ำทะเล  แล้วพัฒนาในสภาพน้ำกร่อย พบบริเวณที่ราบชายฝั่งทะเลหรือที่ราบลุ่มภาคกลาง  ดินมีการระบายน้ำเลว มีเนื้อดินเป็นพวกดินเหนียวหรือดินเหนียวจัด  หน้าดินอาจแตกระแหงเป็นร่องลึกในฤดูแล้ง และมีรอยถูไถลในดิน  สีดินเป็นสีเทาหรือสีเทาแก่ตลอด มีจุดประสีน้ำตาล สีเหลือง  หรือสีแดงปะปนตลอดชั้นดิน อาจพบผลึกยิปซัมบ้างเล็กน้อย  และพบชั้นดินเหนียวสีเทาที่มีจุดประสีเหลืองของสารจาโรไซต์ในระดับความลึกประมาณ 100 ถึง 150 ซม. ทับอยู่บนชั้นดินเลนตะกอนน้ำทะเลที่มีสีเทาปนเขียว  ปฏิกิริยาดินเป็นกรดจัดมากถึงกรดปานกลาง,ปานกลาง,2.5,0.125,5.0,205.4,"[5.0, 6.0]",1.6,0.08000000000000002,3.7,158.1,"[4.5, 5.5]",6.0,5.0,5.5,4.5,"มีค่าระหว่าง 20.26-21.03เปอร์เซ็นต์โดยน้ำหนัก 
                        เฉลี่ย 20.51 เปอร์เซ็นต์โดยน้ำหนักภายในความลึก 120 เซนติเมตร 
                        จากผิวหน้าดิน
                        (หมายเหตุ ปริมาณน้ำที่พืชใช้ประโยชน์ได้ หมายถึงผลต่างของความชื้นความจุสนามมีค่าพลังงาน 
                        -33 กิโลพาสคาล และความชื้นที่จุดเหี่ยวถาวรมีค่าพลังงาน 
                        -1,500 กิโลพาสคาล)","['20.26', '20.51', '120', '33', '1,500']",20.26,20.51,120
3,ชุดดินบางกอก (Bk) ชุดดินบางเลน (Bl) ชุดดินบางแพ (Bph)  ชุดดินฉะเชิงเทรา (Cc) ชุดดินสมุทรปราการ (Sm) หรือดินคล้ายอื่นๆ ที่มีลักษณะและสมบัติจัดอยู่ในกลุ่มชุดดินนี้,"['Bk', 'Bl', 'Bph', 'Cc', 'Sm']",เป็นกลุ่มชุดดินที่เกิดจากวัตถุต้นกำเนิดดินพวกตะกอนผสมของตะกอนลำน้ำและตะกอนน้ำทะเล  แล้วพัฒนาในสภาพน้ำกร่อย พบในบริเวณที่ราบลุ่มหรือที่ราบเรียบ  บริเวณชายฝั่งทะเลหรือห่างจากทะเลไม่มากนัก มีน้ำแช่ขังในช่วงฤดูฝน เป็นดินลึกที่มีการระบายน้ำเลวถึงค่อนข้างเลว  มีเนื้อดินเป็นพวกดินเหนียวหรือดินเหนียวจัด  หน้าดินอาจแตกระแหงเป็นร่องลึกในฤดูแล้ง และมีรอยถูไถลในดิน ดินบนมีสีดำ  ส่วนดินล่างมีสีเทาหรือน้ำตาลอ่อน มีจุดประสีเหลืองและสีน้ำตาล ตลอดชั้นดิน  บางบริเวณอาจพบจุดประสีแดงปะปน หรืออาจพบผลึกยิปซั่มบ้าง ที่ความลึกประมาณ 1.0 -1.5 เมตร จะพบชั้นตะกอนทะเลสีเขียวมะกอก และพบเปลือกหอยปน  ปฏิกิริยาดินเป็นกรดจัดถึงด่างปานกลาง,ปานกลางถึงสูง,2.1,0.10500000000000001,21.3,195.0,"[5.5, 7.0]",1.4,0.06999999999999999,20.3,182.5,"[5.5, 8.0]",7.0,5.5,8.0,5.5,"มีค่าระหว่าง 18.62-21.12 
                        เปอร์เซ็นต์โดยน้ำหนัก เฉลี่ย 20.07 เปอร์เซ็นต์โดยน้ำหนักภายในความลึก 
                        120 เซนติเมตร จากผิวหน้าดิน
                        (หมายเหตุ ปริมาณน้ำที่พืชใช้ประโยชน์ได้ หมายถึงผลต่างของความชื้นความจุสนามมีค่าพลังงาน 
                        -33 กิโลพาสคาล และความชื้นที่จุดเหี่ยวถาวรมีค่าพลังงาน 
                        -1,500 กิโลพาสคาล)","['18.62', '21.12', '20.07', '120', '33', '1,500']",18.62,21.12,20.07
4,ชุดดินบางมูลนาก (Ban) ชุดดินบางปะอิน (Bin) ชุดดินชัยนาท (Cn)  ชุดดินชุมแสง (Cs) ชุดดินพิมาย (Pm) ชุดดินราชบุรี (Rb) ชุดดินสระบุรี (Sb) ชุดดินสิงห์บุรี (Sin) ชุดดินศรีสงคราม (Ss) ชุดดินท่าพล (Tn) ชุดดินท่าเรือ (Tr) หรือดินคล้ายอื่นๆ ที่มีลักษณะและสมบัติจัดอยู่ในกลุ่มชุดดินนี้,"['Ban', 'Bin', 'Cn', 'Cs', 'Pm', 'Rb', 'Sb', 'Sin', 'Ss', 'Tn', 'Tr']",เป็นกลุ่มชุดดินที่เกิดจากวัตถุต้นกำเนิดดินพวกตะกอนลำน้ำ  พบในบริเวณที่ราบตะกอนน้ำพา มีสภาพพื้นที่เป็นที่ราบลุ่มหรือที่ราบเรียบ  มีน้ำแช่ขังในช่วงฤดูฝน เป็นดินลึกที่มีการระบายน้ำเลวหรือค่อนข้างเลว มีเนื้อดินเป็นพวกดินเหนียวหรือดินเหนียวจัด  หน้าดินอาจแตกระแหงเป็นร่องในฤดูแล้ง และอาจมีรอยถูไถลในดิน ดินบนมีสีดำ  หรือเทาเข้ม ดินล่างมีสีเทา น้ำตาล น้ำตาลอ่อนหรือเทาปนเขียวมะกอก  มีจุดประสีน้ำตาลปนเหลือง สีเหลือง สีน้ำตาลแก่ หรือสีแดง อาจพบก้อนปูน หรือก้อนสารเคมีสะสมพวกเหล็กและแมงกานีสในชั้นดินล่าง  ปฏิกิริยาดินเป็นกรดจัดถึงเป็นกรดเล็กน้อย  แต่ถ้าดินมีก้อนปูนปะปนจะมีปฏิกิริยาเป็นกลางหรือด่างปานกลาง,ปานกลาง,0.9,0.045000000000000005,6.7,119.0,"[5.5, 6.5]",0.6,0.03,6.3,110.5,"[6.5, 8.0]",6.5,5.5,8.0,6.5,"มีค่าระหว่าง 20.60-22.66 
                        เปอร์เซ็นต์โดยน้ำหนัก เฉลี่ย 21.41 เปอร์เซ็นต์โดยน้ำหนักภายในความลึก 
                        120 เซนติเมตร จากผิวหน้าดิน
                        (หมายเหตุ ปริมาณน้ำที่พืชใช้ประโยชน์ได้ หมายถึงผลต่างของความชื้นความจุสนามมีค่าพลังงาน 
                        -33 กิโลพาสคาล และความชื้นที่จุดเหี่ยวถาวรมีค่าพลังงาน 
                        -1,500 กิโลพาสคาล)","['20.60', '22.66', '21.41', '120', '33', '1,500']",20.60,22.66,21.41
5,ชุดดินหางดง (Hd) ชุดดินละงู (Lgu) ชุดดินพาน (Ph) หรือดินคล้ายอื่นๆ ที่มีลักษณะและสมบัติจัดอยู่ในกลุ่มชุดดินนี้,"['Hd', 'Lgu', 'Ph']",เป็นกลุ่มชุดดินที่เกิดจากวัตถุต้นกำเนิดดินพวกตะกอนลำน้ำ  พบในบริเวณที่ราบตะกอนน้ำพา มีสภาพพื้นที่เป็นที่ราบเรียบ มีน้ำแช่ขังในช่วงฤดูฝน  เป็นดินลึกที่มีการระบายน้ำเลวหรือค่อนข้างเลว มีเนื้อดินเป็นพวกดินเหนียว  เนื้อดินบนเป็นดินร่วนเหนียวหรือดินเหนียว สีเทาแก่  ดินล่างเป็นดินเหนียวสีน้ำตาลอ่อน หรือสีเทา มีจุดประสีน้ำตาล สีเหลือง  หรือสีแดงตลอดชั้นดิน มักพบก้อนสารเคมีสะสมพวกเหล็กและแมงกานีส ปะปนอยู่  และในชั้นดินล่างลึกๆ อาจพบก้อนปูน ปฏิกิริยาดินเป็นกรดจัดถึงเป็นกรดเล็กน้อย  แต่ถ้าดินมีก้อนปูนปะปน จะมีปฏิกิริยาเป็นกลางหรือด่างปานกลาง,ต่ำ-ปานกลาง,2.0,0.1,10.3,50.2,"[5.5, 6.5]",1.2,0.06,6.6,41.4,"[6.5, 8.0]",6.5,5.5,8.0,6.5,"มีค่าระหว่าง 19.29-21.78 
                        เปอร์เซ็นต์โดยน้ำหนัก เฉลี่ย 19.95 เปอร์เซ็นต์โดยน้ำหนักภายในความลึก 
                        120 เซนติเมตร จากผิวหน้าดิน
                        (หมายเหตุ ปริมาณน้ำที่พืชใช้ประโยชน์ได้ หมายถึงผลต่างของความชื้นความจุสนามมีค่าพลังงาน 
                        -33 กิโลพาสคาล และความชื้นที่จุดเหี่ยวถาวรมีค่าพลังงาน 
                        -1,500 กิโลพาสคาล)","['19.29', '21.78', '19.95', '120', '33', '1,500']",19.29,21.78,19.95
6,"ชุดดินบางนารา (Ba) ชุดดินเชียงราย (Cr) ชุดดินสุไหงโกลก  (Gk) ชุดดินแกลง (Kl) ชุดดินคลองขุด (Kut) 
ชุดดินมโนรมย์ (Mn) ชุดดินนครพนม (Nn) ชุดดินปากท่อ  (Pth) ชุดดินพะวง (Paw) ชุดดินพัทลุง (Ptl)  ชุดดินสตูล (Stu) ชุดดินท่าศาลา (Tsl) ชุดดินวังตง (Wat) หรือดินคล้ายอื่นๆ  ที่มีลักษณะและสมบัติจัดอยู่ในกลุ่มชุดดินนี้","['Ba', 'Cr', 'Gk', 'Kl', 'Kut', 'Mn', 'Nn', 'Pth', 'Paw', 'Ptl', 'Stu', 'Tsl', 'Wat']",เป็นกลุ่มชุดดินที่เกิดจากวัตถุต้นกำเนิดดินพวกตะกอนลำน้ำ  พบในบริเวณที่ราบตะกอนน้ำพา มีสภาพพื้นที่เป็นที่ราบเรียบหรือค่อนข้างราบเรียบ  มีน้ำแช่ขังในช่วงฤดูฝน เป็นดินลึกที่มีการระบายน้ำเลวหรือค่อนข้างเลว  เนื้อดินเป็นพวกดินเหนียว มีเนื้อดินบนเป็นดินร่วนเหนียวหรือดินเหนียว สีเทาแก่  ดินล่างเป็นดินเหนียวสีน้ำตาลอ่อน หรือสีเทา มีจุดประสีน้ำตาล สีเหลือง  หรือสีแดงตลอดชั้นดิน บางแห่งมีศิลาแลงอ่อนหรือก้อนสารเคมีสะสมพวกเหล็กแมงกานีสปะปนอยู่ด้วย  ปฏิกิริยาดินเป็นกรดจัดมากถึงกรดจัด,ต่ำ,1.8,0.09000000000000001,7.3,39.0,"[5.5, 6.5]",1.5,0.07500000000000001,4.9,39.0,"[4.5, 5.5]",6.5,5.5,5.5,4.5,"มีค่าระหว่าง 17.41-21.15 
                        เปอร์เซ็นต์โดยน้ำหนัก เฉลี่ย 19.80 เปอร์เซ็นต์โดยน้ำหนักภายในความลึก 
                        120 เซนติเมตร จากผิวหน้าดิน
                        (หมายเหตุ ปริมาณน้ำที่พืชใช้ประโยชน์ได้ หมายถึงผลต่างของความชื้นความจุสนามมีค่าพลังงาน 
                        -33 กิโลพาสคาล และความชื้นที่จุดเหี่ยวถาวรมีค่าพลังงาน 
                        -1,500 กิโลพาสคาล)","['17.41', '21.15', '19.80', '120', '33', '1,500']",17.41,21.15,19.80
7,ชุดดินเดิมบาง (Db) ชุดดินน่าน (Na) ชุดดินนครปฐม (Np)  ชุดดินผักกาด (Pat) ชุดดินสุโขทัย (Skt)  ชุดดินท่าตูม (Tt) ชุดดินอุตรดิตถ์  (Utt) ชุดดินระโนด (Ran),"['Db', 'Na', 'Np', 'Pat', 'Skt', 'Tt', 'Utt', 'Ran']",เป็นกลุ่มชุดดินที่เกิดจากวัตถุต้นกำเนิดดินพวกตะกอนลำน้ำ  พบในบริเวณที่ราบตะกอนน้ำพา มีสภาพพื้นที่เป็นที่ราบเรียบหรือค่อนข้างราบเรียบ  มีน้ำแช่ขังในช่วงฤดูฝน เป็นดินลึกที่มีการระบายน้ำเลวหรือค่อนข้างเลว  เนื้อดินเป็นพวกดินเหนียว มีเนื้อดินบนเป็นดินร่วนเหนียวหรือดินเหนียวสีเทาแก่  ดินล่างเป็นดินเหนียว สีน้ำตาลอ่อน สีเทาหรือสีน้ำตาลปนเทา พบจุดประสีน้ำตาล  สีเหลืองหรือสีแดงปะปนตลอดชั้นดิน ปฏิกิริยาดินเป็นกรดปานกลางถึงด่างปานกลาง,ปานกลาง,3.8,0.19,2.6,89.2,"[6.0, 7.0]",2.7,0.135,2.3,80.5,"[7.0, 8.0]",7.0,6.0,8.0,7.0,"มีค่าระหว่าง 14.06-21.12 
                        เปอร์เซ็นต์โดยน้ำหนัก เฉลี่ย 19.01 เปอร์เซ็นต์โดยน้ำหนักภายในความลึก 
                        120 เซนติเมตร จากผิวหน้าดิน
                        (หมายเหตุ ปริมาณน้ำที่พืชใช้ประโยชน์ได้ หมายถึงผลต่างของความชื้นความจุสนามมีค่าพลังงาน 
                        -33 กิโลพาสคาล และความชื้นที่จุดเหี่ยวถาวรมีค่าพลังงาน 
                        -1,500 กิโลพาสคาล)","['14.06', '21.12', '19.01', '120', '33', '1,500']",14.06,21.12,19.01
8,ชุดดินดำเนินสะดวก (Dn) สมุทรสงคราม (Sso) ธนบุรี (Tb)  หรือดินคล้ายอื่นๆ ที่มีลักษณะและสมบัติจัดอยู่ในกลุ่มชุดดินนี้,"['Dn', 'Sso', 'Tb']",เป็นกลุ่มชุดดินที่มีการยกร่อง เนื้อดินส่วนใหญ่เป็นดินเหนียว  ดินบนมีลักษณะการทับถมเป็นชั้นๆ ของดินและอินทรียวัตถุที่ได้จากการขุดลอกร่องน้ำ  ดินล่างมีสีเทา บางแห่งมีเปลือกหอยปะปนอยู่ด้วย พบในบริเวณพื้นที่ราบลุ่ม  ซึ่งเกษตรกรได้ดัดแปลงพื้นที่เพื่อใช้ปลูกไม้ผล ไม้ยืนต้น หรือพืชไร่ ทำให้สภาพผิวดินเดิมเปลี่ยนแปลงไป  ปฏิกิริยาดินของดินไม่แน่นอน ขึ้นอยู่กับสมบัติของดินเดิมที่ยกร่อง แต่ส่วนใหญ่  ปฏิกิริยาดินเป็นกรดปานกลางถึงด่างจัด,ตามปกติดินมีความอุดมสมบูรณ์ตามธรรมชาติปานกลางถึงสูง,3.0,0.15000000000000002,33.2,203.0,"[6.0, 6.5]",2.7,0.135,27.9,191.9,"[7.0, 8.5]",6.5,6.0,8.5,7.0,ไม่มีข้อมูล,[],,,
9,ชุดดินชะอำ (Ca),['Ca'],เป็นกลุ่มชุดดินที่เกิดจากวัตถุต้นกำเนิดดินพวกตะกอนผสมของตะกอนลำน้ำและตะกอนน้ำทะเล  แล้วพัฒนาในสภาพน้ำกร่อย พบในบริเวณที่ราบลุ่มชายฝั่งทะเล  ที่อาจมีน้ำทะเลหรือน้ำกร่อยท่วมเป็นครั้งคราว มีน้ำแช่ขังในช่วงฤดูฝน  เป็นดินลึกที่มีการระบายน้ำเลว เนื้อดินเป็นพวกดินเหนียว สีดินเป็นสีเทา  มีจุดประสีเหลืองหรือสีแดงปะปน และ  พบจุดปะสีเหลืองฟางข้าวของสารจาโรไซต์อยู่ในระดับตื้นกว่า 50 ซม.  ดินล่างมีสีเทาหรือสีเทาปนเขียว และมีเศษพืชที่กำลังเน่าเปื่อยปะปนอยู่ด้วย  ปฏิกิริยาดินชั้นบนเป็นกรดจัดมากหรือเป็นกรดรุนแรงมาก ส่วนดินล่างที่เป็นดินเลน  มีปฏิกิริยาดินเป็นกลางถึงด่างจัด มีค่าความเป็นกรดเป็นด่างประมาณ 7.0-8.5,ต่ำ-ปานกลาง,2.6,0.13,16.6,114.4,"[4.5, 5.0]",2.4,0.12,13.7,241.4,"[4.5, 5.0]",5.0,4.5,5.0,4.5,"มีค่าระหว่าง 20.43-21.44 
                        เปอร์เซ็นต์โดยน้ำหนัก เฉลี่ย 20.87 เปอร์เซ็นต์โดยน้ำหนักภายในความลึก 
                        120 เซนติเมตร จากผิวหน้าดิน
                        (หมายเหตุ ปริมาณน้ำที่พืชใช้ประโยชน์ได้ หมายถึงผลต่างของความชื้นความจุสนามมีค่าพลังงาน 
                        -33 กิโลพาสคาล และความชื้นที่จุดเหี่ยวถาวรมีค่าพลังงาน 
                        -1,500 กิโลพาสคาล)","['20.43', '21.44', '20.87', '120', '33', '1,500']",20.43,21.44,20.87
10,ชุดดินเชียรใหญ่ (Cyi) ชุดดินมูโน๊ะ (Mu) ชุดดินองครักษ์ (Ok) หรือดินคล้ายอื่นๆ ที่มีลักษณะและสมบัติจัดอยู่ในกลุ่มชุดดินนี้,"['Cyi', 'Mu', 'Ok']",เป็นกลุ่มชุดดินที่เกิดจากวัตถุต้นกำเนิดดินพวกตะกอนผสมของตะกอนลำน้ำและตะกอนน้ำทะเล  แล้วพัฒนาในสภาพน้ำกร่อย พบในบริเวณที่ราบลุ่มที่ห่างจากทะเลไม่มากนัก  มีน้ำแช่ขังในช่วงฤดูฝน เป็นดินลึกที่มีการระบายน้ำเลวหรือค่อนข้างเลว  หน้าดินอาจแตกระแหงเป็นร่องลึกในช่วงฤดูแล้ง เนื้อดินเป็นพวกดินเหนียว  ดินบนมีสีดำหรือสีเทาแก่ ดินล่างมีสีเทา มีจุดประสีน้ำตาลปนเหลือง สีแดง  ปะปนตลอดชั้นดิน และพบจุดปะสีเหลืองฟางข้าวของสารจาโรไซต์ภายในระดับความลึกตื้นกว่า  50 ซม. และเป็นกรดรุนแรงมากถึงเป็นกรดจัดมาก,ต่ำ,1.6,0.08000000000000002,4.2,304.8,"[4.0, 4.5]",1.1,0.05500000000000001,2.7,278.0,"[3.5, 4.0]",4.5,4.0,4.0,3.5,"มีค่าระหว่าง 20.15-21.43 
                        เปอร์เซ็นต์โดยน้ำหนัก เฉลี่ย 20.52 เปอร์เซ็นต์โดยน้ำหนักภายในความลึก 
                        120 เซนติเมตร จากผิวหน้าดิน
                        (หมายเหตุ ปริมาณน้ำที่พืชใช้ประโยชน์ได้ หมายถึงผลต่างของความชื้นความจุสนามมีค่าพลังงาน 
                        -33 กิโลพาสคาล และความชื้นที่จุดเหี่ยวถาวรมีค่าพลังงาน 
                        -1,500 กิโลพาสคาล)","['20.15', '21.43', '20.52', '120', '33', '1,500']",20.15,21.43,20.52
11,ชุดดินดอนเมือง (Dm) ชุดดินรังสิต (Rs) ชุดดินเสนา (Se)  ชุดดินธัญบุรี (Tan) หรือดินคล้ายอื่นๆ  ที่มีลักษณะและสมบัติจัดอยู่ในกลุ่มชุดดินนี้,"['Dm', 'Rs', 'Se', 'Tan']",เป็นกลุ่มชุดดินที่เกิดจากวัตถุต้นกำเนิดดินพวกตะกอนผสมของตะกอนลำน้ำและตะกอนน้ำทะเล  แล้วพัฒนาในสภาพน้ำกร่อย พบในบริเวณที่ราบลุ่มที่ห่างจากทะเลไม่มากนัก  โดยเฉพาะที่ราบลุ่มภาคกลาง มีน้ำแช่ขังในช่วงฤดูฝน  เป็นดินลึกที่มีการระบายน้ำเลวหรือค่อนข้างเลว  เนื้อดินเป็นพวกดินเหนียวหรือดินเหนียวจัด หน้าดินอาจแตกระแหงเป็นร่องลึกในฤดูแล้ง  และมีรอยถูไถลในดิน ดินบนมีสีดำหรือสีเทาแก่ ดินล่างมีสีเทา  และมีจุดประสีน้ำตาล สีเหลือง หรือ สีแดง  ปะปนอยู่เป็นจำนวนมากในช่วงดินล่างตอนบน  และพบจุดปะสีเหลืองฟางข้าวของสารจาโรไซต์ภายในระดับความลึก 50-100 ซม.  มีปฏิกิริยาดินเป็นกรดรุนแรงมากถึงเป็นกรดจัดมาก,ต่ำ,1.8,0.09000000000000001,10.1,177.4,"[4.0, 5.0]",1.1,0.05500000000000001,8.2,171.8,"[4.0, 5.0]",5.0,4.0,5.0,4.0,"มีค่าระหว่าง 20.18-22.62 
                        เปอร์เซ็นต์โดยน้ำหนัก เฉลี่ย 21.03 เปอร์เซ็นต์โดยน้ำหนักภายในความลึก 
                        120 เซนติเมตร จากผิวหน้าดิน
                        (หมายเหตุ ปริมาณน้ำที่พืชใช้ประโยชน์ได้ หมายถึงผลต่างของความชื้นความจุสนามมีค่าพลังงาน 
                        -33 กิโลพาสคาล และความชื้นที่จุดเหี่ยวถาวรมีค่าพลังงาน 
                        -1,500 กิโลพาสคาล)","['20.18', '22.62', '21.03', '120', '33', '1,500']",20.18,22.62,21.03
12,ชุดดินท่าจีน (Tc) หรือดินคล้ายอื่นๆ  ที่มีลักษณะและสมบัติจัดอยู่ในกลุ่มชุดดินนี้,['Tc'],เป็นกลุ่มชุดดินที่เกิดจากวัตถุต้นกำเนิดดินพวกตะกอนน้ำทะเล  พบในบริเวณที่ราบน้ำทะเลท่วมถึงและบริเวณชะวากทะเล เป็นดินลึก มีการระบายน้ำเลวมาก  เนื้อดินเป็นพวกดินเหนียวหรือดินร่วนเหนียวปนทรายแป้ง  ที่มีลักษณะเป็นดินเลน  และพบเศษรากพืชปะปนในดินเป็นจำนวนมาก ดินบนมีสีดำปนเทา  มีจุดประสีน้ำตาลเล็กน้อย  ส่วนดินล่างเป็นดินเลนสีเทาแก่หรือสีเทาปนเขียว ปฏิกิริยาดินเป็นกรดปานกลางถึงเป็นด่างจัด,ปานกลางถึงสูง,1.8,0.09000000000000001,84.3,1270.7,"[6.0, 8.0]",1.5,0.07500000000000001,100.9,1295.4,"[7.5, 8.5]",8.0,6.0,8.5,7.5,ไม่มีข้อมูล,[],,,
13,ชุดดินบางปะกง (Bpg) ชุดดินตะกั่วทุ่ง (Tkt) หรือดินคล้ายอื่นๆ  ที่มีลักษณะและสมบัติจัดอยู่ในกลุ่มชุดดินนี้,"['Bpg', 'Tkt']",เป็นกลุ่มชุดดินที่เกิดจากวัตถุต้นกำเนิดดินพวกตะกอนน้ำทะเล  พบในบริเวณที่ราบน้ำทะเลท่วมถึงและบริเวณชะวากทะเล  เป็นดินลึกที่มีการระบายน้ำเลวมาก เป็นดินเลนเละ  มีเนื้อดินเป็นพวกดินเหนียวหรือดินร่วนเหนียวปนทรายแป้ง  ดินบนมีสีดำปนเทา มีจุดประสีน้ำตาลเล็กน้อย  ส่วนดินล่างเป็นดินเลนสีเทาแก่หรือสีเทาปนเขียว  และพบเศษรากพืชปะปนในดินเป็นจำนวนมาก เป็นดินที่มีสารประกอบกำมะถันมาก  ตามปกติเมื่อดินเปียก ค่าปฏิกิริยาดินจะเป็นกรดปานกลางถึงเป็นด่างปานกลาง แต่เมื่อมีการระบายน้ำออกไปหรือทำให้ดินแห้ง  สารประกอบกำมะถันจะแปรสภาพปลดปล่อยกรดกำมะถันออกมา  ทำให้ดินเป็นกรดจัดมาก  ค่าปฏิกิริยาดินจะลดลงจนเป็นกรดรุนแรงมาก  กลุ่มชุดดินนี้จัดเป็นดินเค็มที่มีกรดแฝงอยู่,ปานกลางถึงสูง,4.6,0.22999999999999998,77.0,1370.0,"[6.0, 8.0]",4.6,0.22999999999999998,77.0,1370.0,"[6.0, 8.0]",8.0,6.0,8.0,6.0,ไม่มีข้อมูล,[],,,
14,ชุดดินปัตตานี (Pti) ชุดดินระแงะ (Ra) ชุดดินต้นไทร (Ts) หรือดินคล้ายอื่นๆ ที่มีลักษณะและสมบัติจัดอยู่ในกลุ่มชุดดินนี้,"['Pti', 'Ra', 'Ts']",เป็นกลุ่มชุดดินที่เกิดจากวัตถุต้นกำเนิดดินพวกตะกอนผสมของตะกอนลำน้ำและตะกอนน้ำทะเล  แล้วพัฒนาในสภาพน้ำกร่อย พบในบริเวณที่ลุ่มต่ำชายฝั่งทะเล หรือบริเวณพื้นที่พรุ  มีน้ำแช่ขังนานในรอบปี เป็นดินลึก มีการระบายน้ำเลว  มีเนื้อดินเป็นพวกดินเหนียวหรือดินร่วนละเอียด ดินบนมีสีดำหรือสีเทาปนดำ  ซึ่งมีปริมาณอินทรียวัตถุสูง ดินล่างมีสีเทา   มีจุดประสีเหลืองและสีน้ำตาลปะปนอยู่เล็กน้อย ดินช่วงล่างระหว่างความลึก  50-100 ซม. มีลักษณะเป็นดินเลนสีเทาปนเขียวที่มีสารประกอบกำมะถันมาก  ปฏิกิริยาดินเป็นกรดรุนแรงมากถึงเป็นกรดจัดมาก,ต่ำ,2.6,0.13,8.4,31.0,"[4.5, 5.0]",1.8,0.09000000000000001,6.7,28.0,"[4.0, 4.5]",5.0,4.5,4.5,4.0,"มีค่าระหว่าง 17.69-21.24 
                        เปอร์เซ็นต์โดยน้ำหนัก เฉลี่ย 19.69 เปอร์เซ็นต์โดยน้ำหนักภายในความลึก 
                        120 เซนติเมตร จากผิวหน้าดิน
                        (หมายเหตุ ปริมาณน้ำที่พืชใช้ประโยชน์ได้ หมายถึงผลต่างของความชื้นความจุสนามมีค่าพลังงาน 
                        -33 กิโลพาสคาล และความชื้นที่จุดเหี่ยวถาวรมีค่าพลังงาน 
                        -1,500 กิโลพาสคาล)","['17.69', '21.24', '19.69', '120', '33', '1,500']",17.69,21.24,19.69
15,ชุดดินหล่มสัก (La) ชุดดินแม่สาย (Ms) ชุดดินแม่ทะ (Mta) หรือดินคล้ายอื่นๆ ที่มีลักษณะและสมบัติจัดอยู่ในกลุ่มชุดดินนี้,"['La', 'Ms', 'Mta']",เป็นกลุ่มชุดดินที่เกิดจากวัตถุต้นกำเนิดดินพวกตะกอนลำน้ำ  พบบริเวณที่ราบตะกอนน้ำพา มีสภาพพื้นที่เป็นที่ราบเรียบหรือค่อนข้างราบเรียบ  มีน้ำแช่ขังในช่วงฤดูฝน เป็นดินลึกมากที่มีการระบายน้ำค่อนข้างเลวหรือเลว  เนื้อดินเป็นพวกดินร่วนเหนียวหรือดินร่วนเหนียวปนทรายแป้ง  ดินบนมีสีน้ำตาลปนเทา   ดินล่างสีน้ำตาลหรือสีเทาปนชมพู พบจุดประสีเหลืองหรือสีน้ำตาลปนเหลืองตลอดชั้นดิน  ในดินชั้นล่างมักพบก้อนสารเคมีสะสมพวกเหล็ก และแมงกานีส ปฏิกิริยาดินเป็นกรดจัดถึงเป็นด่างปานกลาง,ต่ำถึงปานกลาง,1.7,0.085,8.2,48.4,"[5.5, 6.5]",1.7,0.085,6.5,53.9,"[6.5, 8.0]",6.5,5.5,8.0,6.5,"มีค่าระหว่าง 20.84-22.89 
                        เปอร์เซ็นต์โดยน้ำหนัก เฉลี่ย 21.64 เปอร์เซ็นต์โดยน้ำหนักภายในความลึก 
                        120 เซนติเมตร จากผิวหน้าดิน
                        (หมายเหตุ ปริมาณน้ำที่พืชใช้ประโยชน์ได้ หมายถึงผลต่างของความชื้นความจุสนามมีค่าพลังงาน 
                        -33 กิโลพาสคาล และความชื้นที่จุดเหี่ยวถาวรมีค่าพลังงาน 
                        -1,500 กิโลพาสคาล)","['20.84', '22.89', '21.64', '120', '33', '1,500']",20.84,22.89,21.64
16,ชุดดินหินกอง (Hk) ชุดดินเกาะใหญ่ (Koy) ชุดดินลำปาง (Lp)  ชุดดินพานทอง (Ptg) ชุดดินศรีเทพ (Sri)  ชุดดินตากใบ (Ta) หรือดินคล้ายอื่นๆ ที่มีลักษณะและสมบัติจัดอยู่ในกลุ่มชุดดินนี้,"['Hk', 'Koy', 'Lp', 'Ptg', 'Sri', 'Ta']",เป็นกลุ่มชุดดินที่เกิดจากวัตถุต้นกำเนิดดินพวกตะกอนลำน้ำ  พบบริเวณที่ราบตะกอนน้ำพา มีสภาพพื้นที่เป็นที่ราบเรียบหรือค่อนข้างราบเรียบ  มีน้ำแช่ขังในช่วงฤดูฝน เป็นดินลึกที่มีการระบายน้ำค่อนข้างเลวหรือเลว  เนื้อดินเป็นพวกดินร่วน ดินร่วนเหนียว ดินร่วนปนทรายแป้งหรือดินร่วนเหนียวปนทรายแป้ง  ดินมีสีน้ำตาลอ่อน หรือสีน้ำตาลปนเทา และมีจุดประกายสีน้ำตาลเข้ม สีเหลือง  หรือสีแดงในดินชั้นล่าง   ในบางพื้นที่อาจพบก้อนสารเคมีสะสมพวกเหล็ก และแมงกานีสปะปน  ปฏิกิริยาดินเป็นกรดจัดมากถึงกรดปานกลาง,ต่ำ,1.3,0.065,5.3,39.0,"[5.0, 6.0]",0.8,0.04000000000000001,3.0,43.7,"[4.5, 5.5]",6.0,5.0,5.5,4.5,"มีค่าระหว่าง 18.34-23.63 
                        เปอร์เซ็นต์โดยน้ำหนัก เฉลี่ย 20.23 เปอร์เซ็นต์โดยน้ำหนักภายในความลึก 
                        120 เซนติเมตร จากผิวหน้าดิน
                        (หมายเหตุ ปริมาณน้ำที่พืชใช้ประโยชน์ได้ หมายถึงผลต่างของความชื้นความจุสนามมีค่าพลังงาน 
                        -33 กิโลพาสคาล และความชื้นที่จุดเหี่ยวถาวรมีค่าพลังงาน 
                        -1,500 กิโลพาสคาล)","['18.34', '23.63', '20.23', '120', '33', '1,500']",18.34,23.63,20.23
17,ชุดดินบุณฑริก (Bt) ชุดดินสายบุรี (Bu) ชุดดินเขมราฐ (Kmr)  ชุดดินโคกเคียน (Ko) และชุดดินหล่มเก่า (Lk)  ชุดดินสุไหงปาดี (Pi) ชุดดินปากคม (Pkm)  ชุดดินร้อยเอ็ด (Re) ชุดดินเรณู (Rn) ชุดดินสงขลา (Sng) ชุดดินวิสัย (Vi) หรือดินคล้ายอื่นๆ ที่มีลักษณะและสมบัติจัดอยู่ในกลุ่มชุดดินนี้,"['Bt', 'Bu', 'Kmr', 'Ko', 'Lk', 'Pi', 'Pkm', 'Re', 'Rn', 'Sng', 'Vi']",เป็นกลุ่มชุดดินที่เกิดจากวัตถุต้นกำเนิดดินพวกตะกอนลำน้ำ  หรือจากการสลายตัวผุพังอยู่กับที่  หรือจากการสลายตัวผุพังแล้วถูกเคลื่อนย้ายมาทับถม ของวัสดุเนื้อหยาบ  พบในบริเวณที่ราบเรียบหรือค่อนข้างราบเรียบ ส่วนใหญ่มีน้ำแช่ขังในช่วงฤดูฝน  เป็นดินลึกมากที่มีการระบายน้ำค่อนข้างเลว มีเนื้อดินเป็นพวกดินร่วนละเอียด  เนื้อดินบนเป็นพวกดินร่วนปนทรายหรือดินร่วน   ดินล่างเป็นดินร่วนเหนียวปนทราย หรือดินร่วนเหนียว ในบางพื้นที่  อาจมีเนื้อดินเป็นพวกดินทรายแป้งละเอียด ดินมีสีน้ำตาลอ่อนถึงสีเทา พบจุดประพวกสีน้ำตาล  สีเหลือง หรือสีแดงปะปน บางแห่งอาจพบศิลาแลงอ่อนหรือก้อนสารเคมีสะสมพวกเหล็กและแมงกานีสในดินชั้นล่าง  ปฏิกิริยาดินเป็นกรดจัดมากถึงเป็นกรดปานกลาง,ต่ำ,0.5,0.025,12.7,62.4,"[5.0, 6.5]",0.3,0.015,7.2,55.3,"[4.5, 6.0]",6.5,5.0,6.0,4.5,"มีค่าระหว่าง 14.13-21.89 
                        เปอร์เซ็นต์โดยน้ำหนัก เฉลี่ย 16.75 เปอร์เซ็นต์โดยน้ำหนักภายในความลึก 
                        120 เซนติเมตร จากผิวหน้าดิน
                        (หมายเหตุ ปริมาณน้ำที่พืชใช้ประโยชน์ได้ หมายถึงผลต่างของความชื้นความจุสนามมีค่าพลังงาน 
                        -33 กิโลพาสคาล และความชื้นที่จุดเหี่ยวถาวรมีค่าพลังงาน 
                        -1,500 กิโลพาสคาล)","['14.13', '21.89', '16.75', '120', '33', '1,500']",14.13,21.89,16.75
18,ชุดดินชลบุรี (Cb) ชุดดินไชยา (Cya) ชุดดินโคกสำโรง (Ksr)  ชุดดินเขาย้อย (Kyo) หรือดินคล้ายอื่นๆ  ที่มีลักษณะและสมบัติจัดอยู่ในกลุ่มชุดดินนี้,"['Cb', 'Cya', 'Ksr', 'Kyo']",เป็นกลุ่มชุดดินที่เกิดจากวัตถุต้นกำเนิดดินพวกตะกอนลำน้ำ  หรือจากการสลายตัวผุพังอยู่กับที่ หรือจากการสลายตัวผุพังแล้วถูกเคลื่อนย้ายมาทับถม  ของวัสดุเนื้อหยาบ พบในบริเวณที่ราบเรียบหรือค่อนข้างราบเรียบ  ส่วนใหญ่มีน้ำแช่ขังในช่วงฤดูฝน  เป็นดินลึกที่มีการระบายน้ำค่อนข้างเลวเป็นส่วนใหญ่  เนื้อดินบนเป็นพวกดินร่วนปนทรายหรือดินร่วน   ดินล่างเป็นดินร่วนเหนียวปนทราย หรือดินร่วนเหนียว  ดินมีสีน้ำตาลอ่อนถึงสีเทา พบจุดประพวกสีน้ำตาล สีเหลือง หรือสีแดงปะปน  บางแห่งอาจพบศิลาแลงอ่อนหรือก้อนสารเคมีสะสมพวกเหล็กและแมงกานีสในดินชั้นล่าง   ดินชั้นบนมักมีปฏิกิริยาเป็นกรดจัดมากถึงกรดปานกลาง  ส่วนดินชั้นล่างจะเป็นกรดจัดถึงเป็นกลาง,ต่ำถึงปานกลาง,0.6,0.03,3.3,28.6,"[5.0, 6.5]",0.4,0.020000000000000004,2.4,28.8,"[5.5, 7.0]",6.5,5.0,7.0,5.5,"มีค่าระหว่าง 15.65-17.06 
                        เปอร์เซ็นต์โดยน้ำหนัก เฉลี่ย 16.35 เปอร์เซ็นต์โดยน้ำหนักภายในความลึก 
                        120 เซนติเมตร จากผิวหน้าดิน
                        (หมายเหตุ ปริมาณน้ำที่พืชใช้ประโยชน์ได้ หมายถึงผลต่างของความชื้นความจุสนามมีค่าพลังงาน 
                        -33 กิโลพาสคาล และความชื้นที่จุดเหี่ยวถาวรมีค่าพลังงาน 
                        -1,500 กิโลพาสคาล)","['15.65', '17.06', '16.35', '120', '33', '1,500']",15.65,17.06,16.35
19,ชุดดินมะขาม (Mak) ชุดดินวิเชียรบุรี (Wb) หรือดินคล้ายอื่นๆ  ที่มีลักษณะและสมบัติจัดอยู่ในกลุ่มชุดดินนี้,"['Mak', 'Wb']",เป็นกลุ่มชุดดินที่เกิดจากวัตถุต้นกำเนิดดินพวกตะกอนลำน้ำ  หรือจากการสลายตัวผุพัง แล้วถูกเคลื่อนย้ายมาทับถม ของวัสดุเนื้อหยาบ  พบในบริเวณที่ราบเรียบหรือค่อนข้างราบเรียบ ส่วนใหญ่มีน้ำแช่ขังในช่วงฤดูฝน  เป็นดินลึกที่มีการระบายน้ำค่อนข้างเลว เนื้อดินบนเป็นดินร่วนปนทรายหรือดินทราย  ดินล่างเป็นชั้นดินแน่นทึบ มีเนื้อดินเป็นดินร่วนเหนียวปนทรายหรือดินเหนียว  สีน้ำตาลอ่อนและสีเทา มีจุดประสีเหลืองหรือสีน้ำตาลแดง  บางแห่งอาจมีศิลาแลงอ่อนปะปนอยู่ด้วย มีปฏิกิริยาเป็นกรดจัดมากถึงด่างปานกลาง,ต่ำ,1.7,0.085,1.8,26.8,"[5.0, 6.5]",1.1,0.05500000000000001,1.8,23.3,"[7.0, 8.0]",6.5,5.0,8.0,7.0,"มีค่าระหว่าง 10.11-15.23 
                        เปอร์เซ็นต์โดยน้ำหนัก เฉลี่ย 13.28 เปอร์เซ็นต์โดยน้ำหนักภายในความลึก 
                        120 เซนติเมตร จากผิวหน้าดิน
                        (หมายเหตุ ปริมาณน้ำที่พืชใช้ประโยชน์ได้ หมายถึงผลต่างของความชื้นความจุสนามมีค่าพลังงาน 
                        -33 กิโลพาสคาล และความชื้นที่จุดเหี่ยวถาวรมีค่าพลังงาน 
                        -1,500 กิโลพาสคาล)","['10.11', '15.23', '13.28', '120', '33', '1,500']",10.11,15.23,13.28
20,ชุดดินกุลาร้องไห้ (Ki) ชุดดินหนองแก (Nk) ชุดดินทุ่งสัมฤทธิ์  (Tsr) ชุดดินอุดร (Ud) หรือดินคล้ายอื่นๆ  ที่มีลักษณะและสมบัติจัดอยู่ในกลุ่มชุดดินนี้,"['Ki', 'Nk', 'Tsr', 'Ud']",เป็นกลุ่มชุดดินที่เกิดจากวัตถุต้นกำเนิดดินพวกตะกอนลำน้ำ  หรือจากการสลายตัวผุพังอยู่กับที่  หรือจากการสลายตัวผุพังแล้วถูกเคลื่อนย้ายมาทับถม ของวัสดุเนื้อหยาบ  ที่มีชั้นหินเกลือรองรับอยู่  หรืออาจได้รับอิทธิพลจากการแพร่กระจายของเกลือทางผิวดิน พบในบริเวณที่ราบเรียบหรือค่อนข้างราบเรียบ  มีน้ำแช่ขังในช่วงฤดูฝน เป็นดินลึกที่มีการระบายน้ำค่อนข้างเลวถึงดีปานกลาง  เนื้อดินบนเป็นดินร่วนปนทรายหรือดินทราย   ส่วนดินล่างเป็นชั้นดินแน่นทึบที่มีการสะสมเกลือโซเดียม  มีเนื้อดินเป็นดินร่วนเหนียวปนทราย หรือดินร่วนปนดินเหนียว มีสีน้ำตาลอ่อนถึงสีเทา    พบจุดประพวกสีน้ำตาล สีเหลือง หรือสีแดงปะปน  หรือก้อนสารเคมีสะสมพวกเหล็กและแมงกานีสในดินชั้นล่าง  ดินมีความอุดมสมบูรณ์ตามธรรมชาติต่ำ  ดินชั้นบนโดยมากจะมีปฏิกิริยาเป็นกรดปานกลางถึงเป็นกลาง  ส่วนดินชั้นล่างมักมีปฏิกิริยาเป็นด่างเล็กน้อยถึงเป็นด่างจัด แต่ถ้ามีก้อนปูนปะปน  จะมีปฏิกิริยาเป็นกลางถึงด่างจัด  ตามปกติในฤดูแล้งจะมีคราบเกลือเกิดขึ้นทั่วไปบนผิวดิน,ต่ำ,0.4,0.020000000000000004,4.2,71.0,"[6.0, 7.0]",0.2,0.010000000000000002,3.2,76.8,"[7.5, 8.5]",7.0,6.0,8.5,7.5,"มีค่าระหว่าง 14.79-16.11 
                        เปอร์เซ็นต์โดยน้ำหนัก เฉลี่ย 15.51 เปอร์เซ็นต์โดยน้ำหนักภายในความลึก 
                        120 เซนติเมตร จากผิวหน้าดิน
                        (หมายเหตุ ปริมาณน้ำที่พืชใช้ประโยชน์ได้ หมายถึงผลต่างของความชื้นความจุสนามมีค่าพลังงาน 
                        -33 กิโลพาสคาล และความชื้นที่จุดเหี่ยวถาวรมีค่าพลังงาน 
                        -1,500 กิโลพาสคาล)","['14.79', '16.11', '15.51', '120', '33', '1,500']",14.79,16.11,15.51
21,ชุดดินเพชรบุรี (Pb) ชุดดินสรรพยา (Sa) หรือดินคล้ายอื่นๆ  ที่มีลักษณะและสมบัติจัดอยู่ในกลุ่มชุดดินนี้,"['Pb', 'Sa']",เป็นกลุ่มชุดดินที่เกิดจากวัตถุต้นกำเนิดดินพวกตะกอนลำน้ำ  หรือจากการสลายตัวผุพังอยู่กับที่  หรือจากการสลายตัวผุพังแล้วถูกเคลื่อนย้ายมาทับถมของวัสดุเนื้อหยาบ  พบในบริเวณที่ราบเรียบหรือค่อนข้างราบเรียบ ส่วนใหญ่มีน้ำแช่ขังในช่วงฤดูฝน  มีสภาพพื้นที่ราบเรียบหรือค่อนข้างราบเรียบ มีน้ำแช่ขังในช่วงฤดูฝน  เป็นดินลึกที่มีการระบายน้ำค่อนข้างเลว เนื้อดินเป็นพวกดินร่วนหยาบ  โดยมีเนื้อดินบนเป็นพวกดินร่วนปนทรายหรือดินทรายปนดินร่วน  ดินล่างเป็นดินร่วนปนทราย สีพื้นเป็นสีเทาหรือสีน้ำตาลปนเทา  มีจุดประสีน้ำตาลปนเหลืองหรือสีเหลืองปนน้ำตาล และอาจพบมีศิลาแลงอ่อนในดินชั้นล่าง  ปฏิกิริยาดินเป็นกรดจัดมากถึงเป็นกรดเล็กน้อย,ปานกลาง,2.4,0.12,11.5,75.7,"[5.0, 6.0]",1.6,0.08000000000000002,8.5,59.6,"[5.0, 6.5]",6.0,5.0,6.5,5.0,"มีค่าระหว่าง 15.60-16.70 
                        เปอร์เซ็นต์โดยน้ำหนัก เฉลี่ย 16.17 เปอร์เซ็นต์โดยน้ำหนักภายในความลึก 
                        120 เซนติเมตร จากผิวหน้าดิน
                        (หมายเหตุ ปริมาณน้ำที่พืชใช้ประโยชน์ได้ หมายถึงผลต่างของความชื้นความจุสนามมีค่าพลังงาน 
                        -33 กิโลพาสคาล และความชื้นที่จุดเหี่ยวถาวรมีค่าพลังงาน 
                        -1,500 กิโลพาสคาล)","['15.60', '16.70', '16.17', '120', '33', '1,500']",15.60,16.70,16.17
22,ชุดดินน้ำกระจาย (Ni) ชุดดินสันทราย (Sai) ชุดดินสีทน (St) หรือดินคล้ายอื่นๆ ที่มีลักษณะและสมบัติจัดอยู่ในกลุ่มชุดดินนี้,"['Ni', 'Sai', 'St']",เป็นกลุ่มชุดดินที่เกิดจากวัตถุต้นกำเนิดดินพวกตะกอนลำน้ำ  หรือจากการสลายตัวผุพังอยู่กับที่ หรือจากการสลายตัวผุพังแล้วถูกเคลื่อนย้ายมาทับถมของวัสดุเนื้อหยาบ  พบในบริเวณที่ราบเรียบหรือค่อนข้างราบเรียบ ส่วนใหญ่มีน้ำแช่ขังในช่วงฤดูฝน  มีสภาพพื้นที่ราบเรียบหรือค่อนข้างราบเรียบ มีน้ำแช่ขังในช่วงฤดูฝน  เป็นดินลึกที่มีการระบายน้ำค่อนข้างเลว เนื้อดินเป็นพวกดินร่วนหยาบ โดยมีเนื้อดินบนเป็นพวกดินร่วนปนทรายหรือดินทรายปนดินร่วน  ดินล่างเป็นดินร่วนปนทราย สีพื้นเป็นสีเทาหรือสีน้ำตาลปนเทา  มีจุดประสีน้ำตาลปนเหลืองหรือสีเหลืองปนน้ำตาล และอาจพบมีศิลาแลงอ่อนในดินชั้นล่าง  ปฏิกิริยาดินเป็นกรดจัดมากถึงเป็นกลาง,ต่ำ,1.5,0.07500000000000001,5.2,51.1,"[5.0, 6.0]",0.9,0.045000000000000005,3.8,40.2,"[6.0, 7.0]",6.0,5.0,7.0,6.0,"มีค่าระหว่าง 9.10-18.61 
                          เปอร์เซ็นต์โดยน้ำหนัก เฉลี่ย 11.66 เปอร์เซ็นต์โดยน้ำหนัก 
                          ภายในความลึก 120 เซนติเมตร จากผิวหน้าดิน
                          (หมายเหตุ ปริมาณน้ำที่พืชใช้ประโยชน์ได้ หมายถึงผลต่างของความชื้นความจุสนามมีค่าพลังงาน 
                          -33 กิโลพาสคาล และความชื้นที่จุดเหี่ยวถาวรมีค่าพลังงาน 
                          -1,500 กิโลพาสคาล)","['9.10', '18.61', '11.66', '120', '33', '1,500']",9.10,18.61,11.66
23,ชุดดินบางละมุง (Blm) ชุดดินทรายขาว (Sak) ชุดดินวัลเปรียง  (Wp) หรือดินคล้ายอื่นๆ  ที่มีลักษณะและสมบัติจัดอยู่ในกลุ่มชุดดินนี้,"['Blm', 'Sak', 'Wp']",เป็นกลุ่มชุดดินที่เกิดจากวัตถุกำเนิดดินพวกตะกอนลำน้ำเนื้อหยาบ  พบในบริเวณที่ลุ่มระหว่างสันทรายหรือระหว่างเนินทรายชายฝั่งทะเล มีสภาพพื้นที่ราบเรียบหรือค่อนข้างราบเรียบ  มีน้ำแช่ขังในช่วงฤดูฝน เป็นดินลึกที่มีการระบายน้ำค่อนข้างเลวถึงเลว  เนื้อดินเป็นพวกดินทราย สีดินเป็นสีเทา พบจุดประสีน้ำตาล หรือสีเหลือง  บางแห่งมีเปลือกหอยปะปนอยู่ในเนื้อดินชั้นล่าง ปฏิกิริยาดินเป็นกรดปานกลางถึงเป็นด่างปานกลาง  แต่ถ้ามีเปลือกหอยปะปนอยู่ ปฏิกิริยาดินเป็นกลางถึงเป็นด่างจัด,ต่ำ,1.6,0.08000000000000002,2.3,185.0,"[6.0, 7.0]",1.0,0.05,1.7,170.3,"[7.0, 8.0]",7.0,6.0,8.0,7.0,"มีค่าระหว่าง 4.08-5.45 
                        เปอร์เซ็นต์โดยน้ำหนัก เฉลี่ย 4.81 เปอร์เซ็นต์โดยน้ำหนัก 
                        ภายในความลึก 120 เซนติเมตร จากผิวหน้าดิน
                        (หมายเหตุ ปริมาณน้ำที่พืชใช้ประโยชน์ได้ หมายถึงผลต่างของความชื้นความจุสนามมีค่าพลังงาน 
                        -33 กิโลพาสคาล และความชื้นที่จุดเหี่ยวถาวรมีค่าพลังงาน 
                        -1,500 กิโลพาสคาล)","['4.08', '5.45', '4.81', '120', '33', '1,500']",4.08,5.45,4.81
24,ชุดดินบ้านบึง (Bbg) ชุดดินท่าอุเทน (Tu) ชุดดินอุบล (Ub) หรือดินคล้ายอื่นๆ ที่มีลักษณะและสมบัติจัดอยู่ในกลุ่มชุดดินนี้,"['Bbg', 'Tu', 'Ub']",เป็นกลุ่มชุดดินที่เกิดจากวัตถุต้นกำเนิดดินพวกตะกอนลำน้ำ  หรือจากการสลายตัวผุพังอยู่กับที่ หรือจากการสลายตัวผุพังแล้วถูกเคลื่อนย้ายมาทับถมของวัสดุเนื้อหยาบ  พบในบริเวณที่ราบเรียบหรือค่อนข้างราบเรียบ มีน้ำแช่ขังในช่วงฤดูฝน  เป็นดินลึกมากที่มีการระบายน้ำค่อนข้างเลวถึงดีปานกลาง  เนื้อดินเป็นดินทรายปนดินร่วน หรือดินทราย สีดินเป็นสีน้ำตาลปนเทาหรือสีเทาปนชมพู  พบจุดประสีน้ำตาล สีเหลืองหรือสีเทา  ในดินชั้นล่างบางแห่งจะพบชั้นที่มีการสะสมอินทรียวัตถุ เป็นชั้นบางๆ  ปฏิกิริยาดินเป็นกรดจัดมากถึงกรดเล็กน้อย,ต่ำ,0.5,0.025,1.5,10.7,"[5.0, 6.5]",0.3,0.015,1.3,10.7,"[5.5, 6.5]",6.5,5.0,6.5,5.5,"มีค่าระหว่าง 5.24-9.68 
                        เปอร์เซ็นต์โดยน้ำหนัก เฉลี่ย 7.30 เปอร์เซ็นต์โดยน้ำหนัก 
                        ภายในความลึก 120 เซนติเมตร จากผิวหน้าดิน
                        (หมายเหตุ ปริมาณน้ำที่พืชใช้ประโยชน์ได้ หมายถึงผลต่างของความชื้นความจุสนามมีค่าพลังงาน 
                        -33 กิโลพาสคาล และความชื้นที่จุดเหี่ยวถาวรมีค่าพลังงาน 
                        -1,500 กิโลพาสคาล)","['5.24', '9.68', '7.30', '120', '33', '1,500']",5.24,9.68,7.30
25,ชุดดินกันตัง (Kat) ชุดดินอ้น (On) ชุดดินเพ็ญ (Pn)  ชุดดินพะยอมงาม (Pym) ชุดดินสะท้อน (Stn)  ชุดดินทุ่งค่าย (Tuk) ชุดดินย่านตาขาว (Yk) หรือดินคล้ายอื่นๆ ที่มีลักษณะและสมบัติจัดอยู่ในกลุ่มชุดดินนี้,"['Kat', 'On', 'Pn', 'Pym', 'Stn', 'Tuk', 'Yk']",เป็นกลุ่มชุดดินที่เกิดจากวัตถุต้นกำเนิดดินพวกตะกอนน้ำพา  หรือจากการสลายตัวผุพังอยู่กับที่  หรือจากการสลายตัวผุพังแล้วถูกเคลื่อนย้ายมาทับถมของวัสดุเนื้อหยาบ  วางทับอยู่บนชั้นหินผุ พบในบริเวณที่ราบเรียบหรือค่อนข้างราบเรียบ  มีน้ำแช่ขังในช่วงฤดูฝน เป็นดินตื้นที่มีการระบายน้ำค่อนข้างเลว  มีเนื้อดินบนเป็นพวกดินร่วนปนทราย หรือดินร่วน  ส่วนดินชั้นล่างเป็นดินเหนียวหรือดินร่วนปนดินเหนียวที่มีกรวดหรือลูกรังปะปนเป็นปริมาณมากภายในความลึก  50 ซม. ดินมีสีน้ำตาลอ่อนถึงสีเทา และพบจุดประพวกสีน้ำตาล สีเหลือง หรือสีแดงปะปน  ใต้ชั้นลูกรังอาจพบชั้นดินเหนียวที่มีศิลาเเลงอ่อนปะปน มีปฏิกิริยาดินเป็นกรดจัดมากถึงกรดปานกลาง,ต่ำ,1.3,0.065,2.5,34.3,"[5.0, 6.0]",1.1,0.05500000000000001,2.4,38.0,"[4.5, 5.5]",6.0,5.0,5.5,4.5,"มีค่าระหว่าง 14.96-16.84 
                        เปอร์เซ็นต์โดยน้ำหนัก เฉลี่ย 16.12 เปอร์เซ็นต์โดยน้ำหนัก 
                        ภายในความลึก 120 เซนติเมตร จากผิวหน้าดิน
                        (หมายเหตุ ปริมาณน้ำที่พืชใช้ประโยชน์ได้ หมายถึงผลต่างของความชื้นความจุสนามมีค่าพลังงาน 
                        -33 กิโลพาสคาล และความชื้นที่จุดเหี่ยวถาวรมีค่าพลังงาน 
                        -1,500 กิโลพาสคาล)","['14.96', '16.84', '16.12', '120', '33', '1,500']",14.96,16.84,16.12
26,ชุดดินอ่าวลึก (Ak) ชุดดินห้วยโป่ง (Hp) ชุดดินกระบี่ (Kbi)  ชุดดินโคกกลอย (Koi) ชุดดินลำภูรา (Ll)  ชุดดินปากจั่น (Pac) ชุดดินพังงา (Pga)  ชุดดินภูเก็ต (Pk) ชุดดินปะทิว (Ptu) ชุดดินท้ายเหมือง (Tim) หรือดินคล้ายอื่นๆ  ที่มีลักษณะและสมบัติจัดอยู่ในกลุ่มชุดดินนี้,"['Ak', 'Hp', 'Kbi', 'Koi', 'Ll', 'Pac', 'Pga', 'Pk', 'Ptu', 'Tim']",เป็นกลุ่มชุดดินที่พบในเขตฝนตกชุก  เช่น ภาคใต้ ภาคตะวันออก วัตถุต้นกำเนิดดินเกิดจากการสลายตัวผุพังอยู่กับที่  หรือจากการสลายตัวผุพังแล้วถูกเคลื่อนย้ายมาทับถมของวัสดุเนื้อละเอียด  ที่มาจากหินต้นกำเนิดชนิดต่างๆ ทั้งหินอัคนี หินตะกอน หรือหินแปร  พบบริเวณพื้นที่ดอน มีลักษณะเป็นลูกคลื่นจนถึงพื้นที่เนินเขา  เป็นดินลึกมาก มีการระบายน้ำดี  เนื้อดินเป็นพวกดินเหนียว สีดินเป็นสีน้ำตาล สีเหลืองหรือสีแดง  ปฏิกิริยาดินเป็นกรดจัดมากถึงกรดปานกลาง,ต่ำ,1.6,0.08000000000000002,4.0,17.4,"[4.5, 5.5]",1.2,0.06,4.1,17.8,"[5.0, 6.0]",5.5,4.5,6.0,5.0,"มีค่าระหว่าง 15.45-20.38 
                        เปอร์เซ็นต์โดยน้ำหนัก เฉลี่ย 18.15 เปอร์เซ็นต์โดยน้ำหนัก 
                        ภายในความลึก 120 เซนติเมตร จากผิวหน้าดิน
                        (หมายเหตุ ปริมาณน้ำที่พืชใช้ประโยชน์ได้ หมายถึงผลต่างของความชื้นความจุสนามมีค่าพลังงาน 
                        -33 กิโลพาสคาล และความชื้นที่จุดเหี่ยวถาวรมีค่าพลังงาน 
                        -1,500 กิโลพาสคาล)","['15.45', '20.38', '18.15', '120', '33', '1,500']",15.45,20.38,18.15
27,"ชุดดินหนองบอน (Nb) ชุดดินท่าใหม่ 
                        (Ti)หรือดินคล้ายอื่นๆ ที่มีลักษณะและสมบัติจัดอยู่ในกลุ่มชุดดินนี้",['Nb'],"เป็นกลุ่มชุดดินที่พบในเขตฝนตกชุก 
                        เช่น ภาคตะวันออก เกิดจากการสลายตัวผุพังของหินภูเขาไฟ พวกหินบะซอลต์ 
                        พบในบริเวณพื้นที่ดอน มีสภาพพื้นที่เป็นลูกคลื่นลอนลาดถึงลูกคลื่นลอนชัน 
                        เป็นดินลึกมาก มีการระบายน้ำดี เนื้อดินเป็นพวกดินเหนียวที่ค่อนข้างร่วนซุยและมีโครงสร้างดี 
                        สีดินเป็นสีน้ำตาลปนแดง หรือสีแดง ปฏิกิริยาดินเป็นกรดจัดถึงเป็นกลาง",ปานกลาง,1.0,0.05,36.2,72.6,"[5.5, 7.0]",,-1.0,,,"[-1, -1]",7.0,5.5,-1.0,-1.0,"มีค่าระหว่าง 14.59-19.02 
                        เปอร์เซ็นต์โดยน้ำหนัก เฉลี่ย 16.24 เปอร์เซ็นต์โดยน้ำหนัก 
                        ภายในความลึก 120 เซนติเมตร จากผิวหน้าดิน
                        (หมายเหตุ ปริมาณน้ำที่พืชใช้ประโยชน์ได้ หมายถึงผลต่างของความชื้นความจุสนามมีค่าพลังงาน 
                        -33 กิโลพาสคาล และความชื้นที่จุดเหี่ยวถาวรมีค่าพลังงาน 
                        -1,500 กิโลพาสคาล)","['14.59', '19.02', '16.24', '120', '33', '1,500']",14.59,19.02,16.24
28,"ชุดดินชัยบาดาล (Cd) ชุดดินดงลาน 
                        (Dl) ชุดดินลพบุรี (Lb) ชุดดินน้ำเลน (Nal) ชุดดินวังชมภู 
                        (Wc)หรือดินคล้ายอื่นๆ ที่มีลักษณะและสมบัติจัดอยู่ในกลุ่มชุดดินนี้","['Cd', 'Dl', 'Lb', 'Nal']","เป็นกลุ่มชุดดินที่เกิดจากตะกอนลำน้ำ 
                        หรือเกิดจากการสลายตัวผุพังอยู่กับที่ หรือเกิดจากการสลายตัวแล้วถูกเคลื่อนย้ายมาทับถมของวัตถุต้นกำเนิดดินที่มาจากหินต้นกำเนิด 
                        พวกหินบะซอลต์ หรือหินแอนดีไซต์ พบบริเวณพื้นที่ดอน ที่อยู่ใกล้กับเขาหินปูน 
                        หรือหินภูเขาไฟ มีสภาพพื้นที่ราบเรียบหรือค่อนข้างราบเรียบ 
                        เป็นดินลึกที่มีการระบายน้ำดีปานกลางถึงดี เนื้อดินเป็นพวกดินเหนียวหรือดินเหนียวจัด 
                        หน้าดินแตกระแหงเป็นร่องลึกในฤดูแล้ง และมีรอยถูไถลในดิน 
                        สีดินเป็นสีดำ สีเทาเข้ม หรือสีน้ำตาล อาจพบจุดประสีน้ำตาลหรือสีแดงปนน้ำตาลปริมาณเล็กน้อยในดินชั้นบน 
                        ส่วนชั้นดินล่างอาจพบชั้นปูนมาร์ล ปฏิกิริยาของดินส่วนใหญ่จะเป็นกลางถึงเป็นด่างปานกลาง",ปานกลางถึงสูง,8.0,0.4,29.7,208.8,"[7.0, 8.0]",6.9,0.34500000000000003,22.9,167.2,"[7.0, 8.0]",8.0,7.0,8.0,7.0,"มีค่าระหว่าง 15.65-17.09 
                        เปอร์เซ็นต์โดยน้ำหนัก เฉลี่ย 16.27 เปอร์เซ็นต์โดยน้ำหนัก 
                        ภายในความลึก 120 เซนติเมตร จากผิวหน้าดิน
                        (หมายเหตุ ปริมาณน้ำที่พืชใช้ประโยชน์ได้ หมายถึงผลต่างของความชื้นความจุสนามมีค่าพลังงาน 
                        -33 กิโลพาสคาล และความชื้นที่จุดเหี่ยวถาวรมีค่าพลังงาน 
                        -1,500 กิโลพาสคาล)","['15.65', '17.09', '16.27', '120', '33', '1,500']",15.65,17.09,16.27
29,"ชุดดินบ้านจ้อง (Bg) ชุดดินเชียงของ 
                        (Cg) ชุดดินโชคชัย (Ci) ชุดดินแม่แตง (Mt) ชุดดินหนองมด 
                        (Nm) ชุดดินปากช่อง (Pc) ชุดดินสูงเนิน (Sn)หรือดินคล้ายอื่นๆ 
                        ที่มีลักษณะและสมบัติจัดอยู่ในกลุ่มชุดดินนี้","['Bg', 'Cg', 'Ci', 'Mt', 'Nm', 'Pc']","เป็นกลุ่มชุดดินที่เกิดจากการสลายตัวผุพังอยู่กับที่ 
                        หรือจากการสลายตัวผุพังแล้วถูกเคลื่อนย้ายมาทับถมจากวัสดุหลายชนิดที่มีเนื้อละเอียด 
                        ทั้งที่มาจากหินตะกอน หรือหินภูเขาไฟ หรือจากวัตถุต้นกำเนิดดินพวกตะกอนลำน้ำ 
                        พบบริเวณพื้นที่ดอน ที่เป็นลูกคลื่นจนถึงเนินเขา เป็นดินลึกมาก 
                        มีการระบายน้ำดี เนื้อดินเป็นพวกดินเหนียว สีดินเป็นสีน้ำตาล 
                        สีเหลืองหรือสีแดง ปฏิกิริยาดินเป็นกรดจัดมากถึงเป็นกรดเล็กน้อย",ต่ำ,2.3,0.11499999999999999,6.6,73.7,"[5.0, 6.5]",1.8,0.09000000000000001,5.5,48.8,"[4.5, 5.5]",6.5,5.0,5.5,4.5,"มีค่าระหว่าง 15.66-18.71 
                        เปอร์เซ็นต์โดยน้ำหนัก เฉลี่ย 17.54 เปอร์เซ็นต์โดยน้ำหนัก 
                        ภายในความลึก 120 เซนติเมตร จากผิวหน้าดิน
                        (หมายเหตุ ปริมาณน้ำที่พืชใช้ประโยชน์ได้ หมายถึงผลต่างของความชื้นความจุสนามมีค่าพลังงาน 
                        -33 กิโลพาสคาล และความชื้นที่จุดเหี่ยวถาวรมีค่าพลังงาน 
                        -1,500 กิโลพาสคาล)","['15.66', '18.71', '17.54', '120', '33', '1,500']",15.66,18.71,17.54
30,"ชุดดินเชียงแสน (Ce) ชุดดินดอยปุย 
                        (Dp)หรือดินคล้ายอื่นๆ ที่มีลักษณะและสมบัติจัดอยู่ในกลุ่มชุดดินนี้",['Ce'],"เป็นกลุ่มชุดดินที่พบบริเวณพื้นที่ภูเขาสูง 
                        ที่ส่วนใหญ่มีความสูงจากระดับน้ำทะเลปานกลางตั้งแต่ 500 
                        เมตรขึ้นไป เกิดจากการสลายตัวผุพังของวัตถุต้นกำเนิดดินพวกหินเนื้อละเอียด 
                        เป็นดินลึกมากที่มีการระบายน้ำดี เนื้อดินเป็นพวกดินเหนียว 
                        สีดินเป็นสีแดง มีความอุดมสมบูรณ์ตามธรรมชาติปานกลาง ปฏิกิริยาดินเป็นกรดจัดถึงเป็นกรดเล็กน้อย",ปานกลาง,4.5,0.225,2.3,237.0,"[5.5, 6.5]",3.2,0.16000000000000003,2.3,206.0,"[5.5, 6.5]",6.5,5.5,6.5,5.5,"มีค่าระหว่าง 18.07-19.85 
                        เปอร์เซ็นต์โดยน้ำหนัก เฉลี่ย 19.13 เปอร์เซ็นต์โดยน้ำหนัก 
                        ภายในความลึก 120 เซนติเมตร จากผิวหน้าดิน
                        (หมายเหตุ ปริมาณน้ำที่พืชใช้ประโยชน์ได้ หมายถึงผลต่างของความชื้นความจุสนามมีค่าพลังงาน 
                        -33 กิโลพาสคาล และความชื้นที่จุดเหี่ยวถาวรมีค่าพลังงาน 
                        -1,500 กิโลพาสคาล)","['18.07', '19.85', '19.13', '120', '33', '1,500']",18.07,19.85,19.13
31,"ชุดดินเลย (Lo) ชุดดินวังไห 
                        (Wi)หรือดินคล้ายอื่นๆ ที่มีลักษณะและสมบัติจัดอยู่ในกลุ่มชุดดินนี้",['Lo'],"เป็นกลุ่มชุดดินที่เกิดจากการสลายตัวผุพังอยู่กับที่ 
                        หรือจากการสลายตัวผุพังแล้วถูกเคลื่อนย้ายมาทับถม ของวัสดุเนื้อละเอียด 
                        หรือจากวัตถุต้นกำเนิดดินพวกตะกอนลำน้ำ พบบริเวณพื้นที่ดอน 
                        ที่เป็นลูกคลื่นลอนลาดถึงเป็นเนินเขา เป็นดินลึกที่มีการระบายน้ำดีถึงดีปานกลาง 
                        เนื้อดินเป็นพวกดินเหนียว สีดินเป็นสีน้ำตาล สีเหลืองหรือสีแดง 
                        ปฏิกิริยาดินเป็นกรดจัดถึงเป็นกลาง",ปานกลาง,1.4,0.06999999999999999,2.9,208.6,"[5.5, 6.5]",1.0,0.05,2.8,188.5,"[5.5, 7.0]",6.5,5.5,7.0,5.5,"มีค่าระหว่าง 18.07-19.85 
                        เปอร์เซ็นต์โดยน้ำหนัก เฉลี่ย 19.13 เปอร์เซ็นต์โดยน้ำหนัก 
                        ภายในความลึก 120 เซนติเมตร จากผิวหน้าดิน
                        (หมายเหตุ ปริมาณน้ำที่พืชใช้ประโยชน์ได้ หมายถึงผลต่างของความชื้นความจุสนามมีค่าพลังงาน 
                        -33 กิโลพาสคาล และความชื้นที่จุดเหี่ยวถาวรมีค่าพลังงาน 
                        -1,500 กิโลพาสคาล)","['18.07', '19.85', '19.13', '120', '33', '1,500']",18.07,19.85,19.13
32,"ชุดดินลำแก่น (Lam) ชุดดินรือเสาะ 
                        (Ro) ชุดดินตาขุน (Tkn)หรือดินคล้ายอื่นๆ ที่มีลักษณะและสมบัติจัดอยู่ในกลุ่มชุดดินนี้","['Lam', 'Ro']","เป็นกลุ่มชุดดินที่พบในเขตฝนตกชุก 
                        เช่น ภาคใต้ ภาคตะวันออก เกิดจากการทับถมของตะกอนลำน้ำบริเวณสันดินริมน้ำ 
                        มีสภาพพื้นที่ค่อนข้างราบเรียบถึงเป็นลูกคลื่นลอดลาด เป็นดินลึกที่มีการระบายน้ำดีถึงดีปานกลาง 
                        เนื้อดินเป็นพวกดินร่วน ละเอียดหรือดินทรายแป้ง บางแห่งอาจมีชั้นดินทรายละเอียดสลับชั้นอยู่ 
                        และมักมีแร่ไมกาปะปนในเนื้อดิน สีดินเป็นสีน้ำตาลหรือสีเหลืองปนน้ำตาล 
                        และอาจจะพบจุดประสีพวกสีเหลือง หรือสีเทา ในดินชั้นล่าง 
                        ปฏิกิริยาดินเป็นกรดจัดมากถึงกรดปานกลาง",ปานกลาง,5.6,0.27999999999999997,2.3,106.7,"[5.5, 6.0]",4.0,0.2,2.3,84.3,"[4.5, 5.5]",6.0,5.5,5.5,4.5,"มีค่าระหว่าง 19.85-21.65 
                        เปอร์เซ็นต์โดยน้ำหนัก เฉลี่ย 20.61 เปอร์เซ็นต์โดยน้ำหนัก 
                        ภายในความลึก 120 เซนติเมตร จากผิวหน้าดิน
                        (หมายเหตุ ปริมาณน้ำที่พืชใช้ประโยชน์ได้ หมายถึงผลต่างของความชื้นความจุสนามมีค่าพลังงาน 
                        -33 กิโลพาสคาล และความชื้นที่จุดเหี่ยวถาวรมีค่าพลังงาน 
                        -1,500 กิโลพาสคาล)","['19.85', '21.65', '20.61', '120', '33', '1,500']",19.85,21.65,20.61
33,"ชุดดินดงยางเอน (Don) ชุดดินกำแพงเพชร 
                        (Kp) ชุดดินกำแพงแสน (Ks) ชุดดินลำสนธิ (Ls) ชุดดินน้ำดุก 
                        (Nd) ชุดดินธาตุพนม (Tp) ชุดดินตะพานหิน (Tph)หรือดินคล้ายอื่นๆ 
                        ที่มีลักษณะและสมบัติจัดอยู่ในกลุ่มชุดดินนี้","['Don', 'Kp', 'Ks', 'Ls', 'Nd', 'Tp']","เป็นกลุ่มชุดดินที่มีวัตถุต้นกำเนิดดินเป็นพวกตะกอนลำน้ำ 
                        พบบนสันดินริมน้ำเก่า เนินตะกอนรูปพัด หรือที่ราบตะกอนน้ำพา 
                        พบบริเวณพื้นที่ดอนที่มีสภาพพื้นที่ค่อนข้างราบเรียบถึงเป็นลูกคลื่นลอนลาด 
                        เป็นดินลึกมาก การระบายน้ำดีถึงดีปานกลาง เนื้อดินเป็นพวกดินทรายแป้งหรือดินร่วนละเอียด 
                        สีดินเป็น สีน้ำตาล หรือสีน้ำตาลปนแดง บางแห่งในดินล่างลึกๆ 
                        มีจุดประสีเทาและสีน้ำตาล อาจมีแร่ไมกาหรือก้อนปูนปะปนอยู่ด้วย 
                        ดินชั้นบนมักมีปฏิกิริยาเป็นกรดปานกลางถึงเป็นกลาง ส่วนชั้นดินล่าง 
                        ถ้ามีก้อนปูนปะปน มีปฏิกิริยาเป็นกลางถึงเป็นด่างจัด มีค่าความเป็นกรดเป็นด่างประมาณ 
                        7.0-8.5",ปานกลาง,2.6,0.13,98.7,272.8,"[6.0, 7.0]",1.9,0.095,43.1,195.4,"[7.0, 8.5]",7.0,6.0,8.5,7.0,"มีค่าระหว่าง 19.04-21.80 
                        เปอร์เซ็นต์โดยน้ำหนัก เฉลี่ย 20.37 เปอร์เซ็นต์โดยน้ำหนัก 
                        ภายในความลึก 120 เซนติเมตร จากผิวหน้าดิน
                        (หมายเหตุ ปริมาณน้ำที่พืชใช้ประโยชน์ได้ หมายถึงผลต่างของความชื้นความจุสนามมีค่าพลังงาน 
                        -33 กิโลพาสคาล และความชื้นที่จุดเหี่ยวถาวรมีค่าพลังงาน 
                        -1,500 กิโลพาสคาล)","['19.04', '21.80', '20.37', '120', '33', '1,500']",19.04,21.80,20.37
34,"ชุดดินฉลอง (Chl) ชุดดินฝั่งแดง 
                        (Fd) ชุดดินควนกาหลง (Kkl) ชุดดินคลองท่อม (Km) ชุดดินคลองนกกระทุง 
                        (Knk) ชุดดินละหาน (Lh) ชุดดินนาท่าม (Ntm) ชุดดินท่าแซะ 
                        (Te)หรือดินคล้ายอื่นๆ ที่มีลักษณะและสมบัติจัดอยู่ในกลุ่มชุดดินนี้","['Chl', 'Fd', 'Kkl', 'Km', 'Knk', 'Lh', 'Ntm']","เป็นกลุ่มชุดดินที่พบในเขตฝนตกชุก 
                        เช่น ภาคใต้ ภาคตะวันออก เกิดจากวัตถุต้นกำเนิดดินพวกตะกอนลำน้ำ 
                        หรือจากการสลายตัวผุพังอยู่กับที่ หรือจากการสลายตัวผุพังแล้วถูกเคลื่อนย้ายมาทับถม 
                        ของวัสดุเนื้อหยาบที่มาจากพวกหินอัคนี หรือหินตะกอน พบบริเวณพื้นที่ดอน 
                        ที่มีสภาพพื้นที่ค่อนข้างราบเรียบถึงเป็นเนินเขา เป็นดินลึกมาก 
                        มีการระบายน้ำดีถึงดีปานกลาง มีเนื้อดินเป็นพวกดินร่วนละเอียดที่มีเนื้อดินบนเป็นดินร่วนปนทราย 
                        ส่วนดินล่างเป็นดินร่วนเหนียวปนทราย สีดินเป็นสีน้ำตาล สีเหลืองหรือสีแดง 
                        ดินมีความอุดมสมบูรณ์ตามธรรมชาติต่ำ ปฏิกิริยาดินเป็นกรดจัดมากถึงกรดจัด",ต่ำ,1.2,0.06,2.3,30.3,"[5.0, 5.5]",0.8,0.04000000000000001,2.1,23.1,"[4.5, 5.0]",5.5,5.0,5.0,4.5,"มีค่าระหว่าง 11.09-15.83 
                        เปอร์เซ็นต์โดยน้ำหนัก เฉลี่ย 13.68 เปอร์เซ็นต์โดยน้ำหนัก 
                        ภายในความลึก 120 เซนติเมตร จากผิวหน้าดิน
                        (หมายเหตุ ปริมาณน้ำที่พืชใช้ประโยชน์ได้ หมายถึงผลต่างของความชื้นความจุสนามมีค่าพลังงาน 
                        -33 กิโลพาสคาล และความชื้นที่จุดเหี่ยวถาวรมีค่าพลังงาน 
                        -1,500 กิโลพาสคาล)","['11.09', '15.83', '13.68', '120', '33', '1,500']",11.09,15.83,13.68
35,"ชุดดินดอนไร่ (Dr) ชุดดินด่านซ้าย 
                        (Ds) ชุดดินห้างฉัตร (Hc) ชุดดินโคราช (Kt) ชุดดินมาบบอน 
                        (Mb) ชุดดินสตึก (Suk) ชุดดินวาริน (Wn) ชุดดินยโสธร (Yt)หรือดินคล้ายอื่นๆ 
                        ที่มีลักษณะและสมบัติจัดอยู่ในกลุ่มชุดดินนี้","['Dr', 'Ds', 'Hc', 'Kt', 'Mb', 'Suk', 'Wn']","เป็นกลุ่มชุดดินที่เกิดจากวัตถุต้นกำเนิดดินพวกตะกอนลำน้ำ 
                        หรือการสลายตัวผุพังอยู่กับที่ หรือการสลายตัวผุพังแล้วถูกเคลื่อนย้ายมาทับถม 
                        ของวัสดุเนื้อหยาบที่ส่วนใหญ่มาจากหินตะกอน พบบริเวณพื้นที่ดอน 
                        ที่มีสภาพพื้นที่เป็นลูกคลื่นจนถึงเนินเขา หรือเป็นพื้นที่ภูเขา 
                        เป็นดินลึก มีการระบายน้ำดีถึงดีปานกลาง เนื้อดินเป็นพวกดินร่วนละเอียดที่มีเนื้อดินบนเป็นดินร่วนปนทราย 
                        ส่วนดินล่างเป็นดินร่วนเหนียวปนทราย ดินมีสีน้ำตาล สีเหลืองหรือแดง 
                        และอาจพบจุดประสีต่างๆ ในชั้นดินล่าง ปฏิกิริยาดินเป็นกรดจัดมากถึงเป็นกรดปานกลาง",ต่ำ,0.5,0.025,18.2,37.0,"[5.0, 6.0]",0.4,0.020000000000000004,15.4,35.0,"[4.5, 5.5]",6.0,5.0,5.5,4.5,"มีค่าระหว่าง 11.22-15.97 
                        เปอร์เซ็นต์โดยน้ำหนัก เฉลี่ย 14.10 เปอร์เซ็นต์โดยน้ำหนัก 
                        ภายในความลึก 120 เซนติเมตร จากผิวหน้าดิน
                        (หมายเหตุ ปริมาณน้ำที่พืชใช้ประโยชน์ได้ หมายถึงผลต่างของความชื้นความจุสนามมีค่าพลังงาน 
                        -33 กิโลพาสคาล และความชื้นที่จุดเหี่ยวถาวรมีค่าพลังงาน 
                        -1,500 กิโลพาสคาล)","['11.22', '15.97', '14.10', '120', '33', '1,500']",11.22,15.97,14.10
36,"ชุดดินเพชรบูรณ์ (Pe) ชุดดินปราณบุรี 
                        (Pr) ชุดดินสีคิ้ว (Si)หรือดินคล้ายอื่นๆ ที่มีลักษณะและสมบัติจัดอยู่ในกลุ่มชุดดินนี้","['Pe', 'Pr']","เป็นกลุ่มชุดดินที่เกิดจากวัตถุต้นกำเนิดดินพวกตะกอนลำน้ำ 
                        หรือการสลายตัวผุพังอยู่กับที่ หรือการสลายตัวผุพังแล้วถูกเคลื่อนย้ายมาทับถม 
                        ของวัสดุเนื้อหยาบ พบบริเวณพื้นที่ดอน ที่มีสภาพพื้นที่เป็นลูกคลื่นลอนลาดจนถึงเนินเขา 
                        เป็นดินลึก มีการระบายน้ำดีถึงดีปานกลาง มีเนื้อดินเป็นพวกดินร่วนละเอียดที่มีเนื้อดินบนเป็นดินร่วนปนทราย 
                        หรือดินร่วน ส่วนดินล่างเป็นดินร่วนเหนียวปนทรายหรือดินร่วนเหนียว 
                        ดินมีสีน้ำตาล สีเหลืองหรือสีแดง และอาจพบจุดประสีต่างๆ 
                        ในชั้นดินล่าง ดินมีความอุดมสมบูรณ์ตามธรรมชาติค่อนข้างต่ำถึงปานกลาง 
                        ดินชั้นบนส่วนใหญ่จะมีปฏิกิริยาเป็นกรดจัดถึงเป็นกลาง ส่วนดินล่างจะมีปฏิกิริยาดินเป็นกรดปานกลางถึงเป็นด่างปานกลาง",ต่ำถึงปานกลาง,1.3,0.065,3.5,70.8,"[5.5, 7.0]",1.1,0.05500000000000001,9.1,68.3,"[6.0, 8.0]",7.0,5.5,8.0,6.0,"มีค่าระหว่าง 13.52-21.60 
                        เปอร์เซ็นต์โดยน้ำหนัก เฉลี่ย 17.39 เปอร์เซ็นต์โดยน้ำหนัก 
                        ภายในความลึก 120 เซนติเมตร จากผิวหน้าดิน
                        (หมายเหตุ ปริมาณน้ำที่พืชใช้ประโยชน์ได้ หมายถึงผลต่างของความชื้นความจุสนามมีค่าพลังงาน 
                        -33 กิโลพาสคาล และความชื้นที่จุดเหี่ยวถาวรมีค่าพลังงาน 
                        -1,500 กิโลพาสคาล)","['13.52', '21.60', '17.39', '120', '33', '1,500']",13.52,21.60,17.39
37,"ชุดดินบ่อไทย (Bo) ชุดดินนาคู 
                        (Nu) และชุดดินทับเสลา (Tas)หรือดินคล้ายอื่นๆ ที่มีลักษณะและสมบัติจัดอยู่ในกลุ่มชุดดินนี้","['Bo', 'Nu']","เป็นกลุ่มชุดดินที่เกิดจากวัตถุต้นกำเนิดดินพวกตะกอนลำน้ำ 
                        หรือการสลายตัวผุพังอยู่กับที่ หรือการสลายตัวผุพังแล้วถูกเคลื่อนย้ายมาทับถม 
                        ของวัสดุเนื้อหยาบ วางทับอยู่บนชั้นหินผุหรือชั้นดินเหนียว 
                        พบบริเวณพื้นที่ดอน ที่มีสภาพพื้นที่เป็นลูกคลื่นลอนลาดเล็กน้อย 
                        เป็นดินลึก มีการระบายน้ำดีปานกลาง เนื้อดินบนเป็นดินทรายปนดินร่วน 
                        ส่วนดินชั้นล่างในระดับความลึก 50-100 ซม. เป็นดินเหนียว 
                        ดินเหนียวปนเศษหิน หรือเป็นชั้นหินผุ สีดินบนเป็นสีน้ำตาล 
                        ดินล่างเป็นสีน้ำตาลปนเทา บางแห่งมีจุดประสีแดงและมีศิลาแลงอ่อนปะปนอยู่จำนวนมาก 
                        ดินมีความอุดมสมบูรณ์ตามธรรมชาติต่ำ ปฏิกิริยาดินเป็นกรดจัดมากถึงเป็นกรดปานกลาง",ต่ำ,1.3,0.065,6.8,94.3,"[5.0, 6.0]",1.3,0.065,7.8,90.9,"[5.5, 6.0]",6.0,5.0,6.0,5.5,"มีค่าระหว่าง 5.11-10.09 
                        เปอร์เซ็นต์โดยน้ำหนัก เฉลี่ย 8.11 เปอร์เซ็นต์โดยน้ำหนัก 
                        ภายในความลึก 120 เซนติเมตร จากผิวหน้าดิน
                        (หมายเหตุ ปริมาณน้ำที่พืชใช้ประโยชน์ได้ หมายถึงผลต่างของความชื้นความจุสนามมีค่าพลังงาน 
                        -33 กิโลพาสคาล และความชื้นที่จุดเหี่ยวถาวรมีค่าพลังงาน 
                        -1,500 กิโลพาสคาล)","['5.11', '10.09', '8.11', '120', '33', '1,500']",5.11,10.09,8.11
38,"ชุดดินเชียงใหม่ (Cm) ชุดดินชุมพลบุรี 
                        (Chp) ชุดดินดอนเจดีย์ (Dc) ชุดดินไทรงาม (Sg) ชุดดินท่าม่วง 
                        (Tm)หรือดินคล้ายอื่นๆ ที่มีลักษณะและสมบัติจัดอยู่ในกลุ่มชุดดินนี้","['Cm', 'Chp', 'Dc', 'Sg']","เป็นกลุ่มชุดดินที่มีวัตถุต้นกำเนิดดินเป็นพวกตะกอนลำน้ำ 
                        ที่มีลักษณะการทับถมเป็นชั้นๆของตะกอนลำน้ำในแต่ละช่วงเวลา 
                        พบบนสันดินริมน้ำ หรือที่ราบตะกอนน้ำพา เป็นพื้นที่ดอน ที่มีสภาพพื้นที่ค่อนข้างราบเรียบ 
                        เป็นดินลึก มีการระบายน้ำดีถึงดีปานกลาง เนื้อดินเป็นพวกดินร่วนหรือดินร่วนหยาบ 
                        สีดินเป็นสีน้ำตาลอ่อน อาจพบจุดประสีเทาและสีน้ำตาลในชั้นดินล่าง 
                        ในบางบริเวณมีแร่ไมกาหรือก้อนปูนปะปนอยู่ด้วย ปฏิกิริยาดินเป็นกรดเล็กน้อยถึงเป็นกลาง",ปานกลาง,1.4,0.06999999999999999,3.2,103.8,"[6.5, 7.0]",1.7,0.085,17.1,100.0,"[6.5, 7.0]",7.0,6.5,7.0,6.5,"มีค่าระหว่าง 4.99-22.08 
                        เปอร์เซ็นต์โดยน้ำหนัก เฉลี่ย 13.46 เปอร์เซ็นต์โดยน้ำหนัก 
                        ภายในความลึก 120 เซนติเมตร จากผิวหน้าดิน มีค่าระหว่าง 
                        4.99-22.08 เปอร์เซ็นต์โดยน้ำหนัก เฉลี่ย 13.46 เปอร์เซ็นต์โดยน้ำหนัก 
                        ภายในความลึก 120 เซนติเมตร จากผิวหน้าดิน
                        (หมายเหตุ ปริมาณน้ำที่พืชใช้ประโยชน์ได้ หมายถึงผลต่างของความชื้นความจุสนามมีค่าพลังงาน 
                        -33 กิโลพาสคาล และความชื้นที่จุดเหี่ยวถาวรมีค่าพลังงาน 
                        -1,500 กิโลพาสคาล)","['4.99', '22.08', '13.46', '120', '4.99', '22.08', '13.46', '120', '33', '1,500']",4.99,22.08,13.46
39,"ชุดดินคอหงษ์ (Kh) ชุดดินนาทวี 
                        (Nat) ชุดดินสะเดา (Sd) ชุดดินทุ่งหว้า (Tg)หรือดินคล้ายอื่นๆ 
                        ที่มีลักษณะและสมบัติจัดอยู่ในกลุ่มชุดดินนี้","['Kh', 'Nat', 'Sd']","เป็นกลุ่มชุดดินที่พบในเขตฝนตกชุก 
                        เช่น ภาคใต้ ภาคตะวันออก เกิดจากวัตถุต้นกำเนิดดินพวกตะกอนลำน้ำ 
                        หรือจากการสลายตัวผุพังอยู่กับที่ หรือจากการสลายตัวผุพังแล้วถูกเคลื่อนย้ายมาทับถม 
                        ของวัสดุเนื้อหยาบที่มาจากพวกหินอัคนี หรือหินตะกอน พบบริเวณพื้นที่ดอน 
                        ที่มีสภาพพื้นที่ค่อนข้างราบเรียบถึงเป็นเนินเขา เป็นดินลึก 
                        ที่มีการระบายน้ำดีถึงดีปานกลาง เนื้อดินเป็นพวกดินร่วนหยาบ 
                        สีดินเป็นสีน้ำตาล สีเหลืองหรือสีแดง และอาจพบจุดประสีต่างๆ 
                        ในชั้นดินล่าง ดินมีความอุดมสมบูรณ์ตามธรรมชาติต่ำ ปฏิกิริยาดินเป็นกรดจัดมากถึงกรดจัด",ต่ำ,1.6,0.08000000000000002,1.8,16.9,"[5.0, 5.5]",1.0,0.05,1.3,13.0,"[5.0, 5.5]",5.5,5.0,5.5,5.0,"มีค่าระหว่าง 6.52-10.85 
                        เปอร์เซ็นต์โดยน้ำหนัก เฉลี่ย 7.76 เปอร์เซ็นต์โดยน้ำหนัก 
                        ภายในความลึก 120 เซนติเมตร จากผิวหน้าดิน
                        (หมายเหตุ ปริมาณน้ำที่พืชใช้ประโยชน์ได้ หมายถึงผลต่างของความชื้นความจุสนามมีค่าพลังงาน 
                        -33 กิโลพาสคาล และความชื้นที่จุดเหี่ยวถาวรมีค่าพลังงาน 
                        -1,500 กิโลพาสคาล)","['6.52', '10.85', '7.76', '120', '33', '1,500']",6.52,10.85,7.76
40,"ชุดดินจักราช (Ckr) ชุดดินชุมพวง 
                        (Cpg) ชุดดินหุบกระพง (Hg) ชุดดินห้วยแถลง (Ht) ชุดดินสันป่าตอง 
                        (Sp) ชุดดินยางตลาด (Yl)หรือดินคล้ายอื่นๆ ที่มีลักษณะและสมบัติจัดอยู่ในกลุ่มชุดดินนี้","['Ckr', 'Cpg', 'Hg', 'Ht', 'Sp']","เป็นกลุ่มชุดดินที่เกิดจากวัตถุต้นกำเนิดดินพวกตะกอนลำน้ำ 
                        หรือจากการสลายตัวผุพังอยู่กับที่ หรือจากการสลายตัวผุพังแล้วถูกเคลื่อนย้ายมาทับถม 
                        ของพวกวัสดุเนื้อหยาบ เป็นพื้นที่ดอน ที่มีสภาพพื้นที่เป็นลูกคลื่นจนถึงเนินเขา 
                        หรือเป็นพื้นที่ภูเขา เป็นดินลึก มีการระบายน้ำดี เนื้อดินเป็นพวกดินร่วนหยาบ 
                        ดินมีสีน้ำตาล สีเหลืองหรือแดง และอาจพบจุดประสีต่างๆ ในชั้นดินล่าง 
                        ปฏิกิริยาดินเป็นกรดจัดมากถึงเป็นกรดปานกลาง",ต่ำ,0.5,0.025,2.9,78.0,"[5.0, 6.0]",0.4,0.020000000000000004,2.4,70.2,"[5.0, 6.0]",6.0,5.0,6.0,5.0,"มีค่าระหว่าง 6.68-9.53 
                        เปอร์เซ็นต์โดยน้ำหนัก เฉลี่ย 8.15 เปอร์เซ็นต์โดยน้ำหนัก 
                        ภายในความลึก 120 เซนติเมตร จากผิวหน้าดิน
                        (หมายเหตุ ปริมาณน้ำที่พืชใช้ประโยชน์ได้ หมายถึงผลต่างของความชื้นความจุสนามมีค่าพลังงาน 
                        -33 กิโลพาสคาล และความชื้นที่จุดเหี่ยวถาวรมีค่าพลังงาน 
                        -1,500 กิโลพาสคาล)","['6.68', '9.53', '8.15', '120', '33', '1,500']",6.68,9.53,8.15
41,"ชุดดินบ้านไผ่ (Bpi) ชุดดินคำบง 
                        (Kg) ชุดดินมหาสารคาม (Msk)หรือดินคล้ายอื่นๆ ที่มีลักษณะและสมบัติจัดอยู่ในกลุ่มชุดดินนี้","['Bpi', 'Kg']","เป็นกลุ่มชุดดินที่เกิดจากการสลายตัวผุพังอยู่กับที่ 
                        หรือจากการสลายตัวผุพังแล้วถูกเคลื่อนย้ายมาทับถม ของพวกวัสดุเนื้อหยาบ 
                        หรือจากวัตถุต้นกำเนิดดินพวกตะกอนลำน้ำหรือวัตถุน้ำพาจากบริเวณที่สูง 
                        วางทับอยู่บนชั้นดินร่วนหยาบหรือร่วนละเอียด พบในบริเวณพื้นที่ดอน 
                        ที่มีสภาพพื้นที่ค่อนข้างราบเรียบถึงลูกคลื่นลอดลาด เป็นดินลึก 
                        มีการระบายน้ำดีถึงดีปานกลาง เนื้อดินช่วง 50-100 ซม. เป็นดินทรายหรือดินทรายปนดินร่วน 
                        ส่วนชั้นดินถัดลงไปเป็นดินร่วนปนทราย และดินร่วนเหนียวปนทราย 
                        สีดินเป็นสีน้ำตาลอ่อน หรือสีเหลืองปนสีน้ำตาล พบจุดประสีต่างๆ 
                        ในดินชั้นล่าง ดินมีความอุดมสมบูรณ์ตามธรรมชาติต่ำ ชั้นดินบนมีปฏิกิริยาดินเป็นกรดจัดถึงเป็นกรดเล็กน้อย 
                        ส่วนในดินล่าง ปฏิกิริยาดินเป็นกรดเล็กน้อยถึงเป็นด่างปานกลาง",ต่ำ,0.2,0.010000000000000002,10.5,14.3,"[5.5, 6.5]",0.1,0.005000000000000001,5.8,12.2,"[6.5, 8.0]",6.5,5.5,8.0,6.5,"มีค่าระหว่าง 5.21-9.79 
                        เปอร์เซ็นต์โดยน้ำหนัก เฉลี่ย 6.47 เปอร์เซ็นต์โดยน้ำหนัก 
                        ภายในความลึก 120 เซนติเมตร จากผิวหน้าดิน
                        (หมายเหตุ ปริมาณน้ำที่พืชใช้ประโยชน์ได้ หมายถึงผลต่างของความชื้นความจุสนามมีค่าพลังงาน 
                        -33 กิโลพาสคาล และความชื้นที่จุดเหี่ยวถาวรมีค่าพลังงาน 
                        -1,500 กิโลพาสคาล)","['5.21', '9.79', '6.47', '120', '33', '1,500']",5.21,9.79,6.47
42,"ชุดดินบ้านทอน (Bh) หรือดินคล้ายอื่นๆ 
                        ที่มีลักษณะและสมบัติจัดอยู่ในกลุ่มชุดดินนี้",['Bh'],"เป็นกลุ่มชุดดินที่พบบริเวณหาดทรายเก่าหรือสันทรายชายทะเล 
                        เกิดจากตะกอนทรายชายทะเล พบบนพื้นที่ดอนที่มีสภาพพื้นที่ค่อนข้างราบเรียบถึงเป็นลูกคลื่นลอนลาดเล็กน้อย 
                        เป็นดินลึกปานกลางถึงชั้นดานอินทรีย์ มีการระบายน้ำดีปานกลาง 
                        เนื้อดินเป็นทรายจัด สีดินบนเป็นสีเทาแก่ ใต้ลงไปเป็นชั้นทรายสีขาว 
                        และดินล่าง ระหว่างความลึก 50-100 ซม. เป็นชั้นที่มีการสะสมของพวกอินทรียวัตถุ 
                        เหล็กหรือฮิวมัส สีน้ำตาล สีแดง ชั้นเหล่านี้มีการเชื่อมตัวกันแน่นแข็งเป็นชั้นดานอินทรีย์ 
                        มีความอุดมสมบูรณ์ตามธรรมชาติต่ำ ปฏิกิริยาดินเป็นกรดจัดมากถึงเป็นกรดปานกลาง",ต่ำ,1.8,0.09000000000000001,3.7,16.6,"[5.0, 6.0]",1.4,0.06999999999999999,2.3,12.3,"[5.0, 5.0]",6.0,5.0,5.0,5.0,"มีค่าระหว่าง 2.21-4.08 
                        เปอร์เซ็นต์โดยน้ำหนัก เฉลี่ย 2.87 เปอร์เซ็นต์โดยน้ำหนัก 
                        ภายในความลึก 120 เซนติเมตร จากผิวหน้าดิน
                        (หมายเหตุ ปริมาณน้ำที่พืชใช้ประโยชน์ได้ หมายถึงผลต่างของความชื้นความจุสนามมีค่าพลังงาน 
                        -33 กิโลพาสคาล และความชื้นที่จุดเหี่ยวถาวรมีค่าพลังงาน 
                        -1,500 กิโลพาสคาล)","['2.21', '4.08', '2.87', '120', '33', '1,500']",2.21,4.08,2.87
43,"ชุดดินบาเจาะ (Bc) ชุดดินดงตะเคียน 
                        (Dt) ชุดดินหัวหิน (Hh) ชุดดินหลังสวน (Lan) ชุดดินไม้ขาว 
                        (Mik) ชุดดินพัทยา (Py) ชุดดินระยอง (Ry) ชุดดินสัตหีบ (Sh)หรือดินคล้ายอื่นๆ 
                        ที่มีลักษณะและสมบัติจัดอยู่ในกลุ่มชุดดินนี้","['Bc', 'Dt', 'Hh', 'Lan', 'Mik', 'Py', 'Ry']","เป็นกลุ่มชุดดินที่พบในเขตฝนตกชุก 
                        เช่น ภาคใต้ ภาคตะวันออก หรือบริเวณชายฝั่งทะเล เกิดจากตะกอนทรายชายทะเล 
                        หรือจากการสลายตัวผุพังอยู่กับที่ หรือจากการสลายตัวผุพังแล้วถูกเคลื่อนย้ายมาทับถม 
                        ของพวกวัสดุเนื้อหยาบ มีสภาพพื้นที่ค่อนข้างราบเรียบหรือเป็นลูกคลื่นลอนลาด 
                        พบบริเวณหาดทราย สันทรายชายทะเล หรือบริเวณที่ลาดเชิงเขา 
                        เป็นดินลึก มีการระบายน้ำค่อนข้างมากเกินไป เนื้อดินเป็นพวกดินทราย 
                        ดินมีสีเทา สีน้ำตาลอ่อน หรือเหลือง ดินมีความอุดมสมบูรณ์ตามธรรมชาติต่ำ 
                        ปฏิกิริยาดินเป็นกรดปานกลางถึงเป็นกลาง ถ้าพบบริเวณสันทรายชายทะเลจะมีเปลือกหอยปะปนอยู่ในเนื้อดิน 
                        ปฏิกิริยาดินเป็นกรดเล็กน้อยถึงเป็นด่างปานกลาง",ต่ำ,0.6,0.03,4.0,44.0,"[6.0, 7.0]",0.4,0.020000000000000004,,39.5,"[6.5, 7.0]",7.0,6.0,7.0,6.5,"มีค่าระหว่าง 1.18-5.56 
                        เปอร์เซ็นต์โดยน้ำหนัก เฉลี่ย 3.20 เปอร์เซ็นต์โดยน้ำหนัก 
                        ภายในความลึก 120 เซนติเมตร จากผิวหน้าดิน
                        (หมายเหตุ ปริมาณน้ำที่พืชใช้ประโยชน์ได้ หมายถึงผลต่างของความชื้นความจุสนามมีค่าพลังงาน 
                        -33 กิโลพาสคาล และความชื้นที่จุดเหี่ยวถาวรมีค่าพลังงาน 
                        -1,500 กิโลพาสคาล)","['1.18', '5.56', '3.20', '120', '33', '1,500']",1.18,5.56,3.20
44,"ชุดดินจันทึก (Cu) ชุดดินด่านขุดทด 
                        (Dk) ชุดดินน้ำพอง (Ng)หรือดินคล้ายอื่นๆ ที่มีลักษณะและสมบัติจัดอยู่ในกลุ่มชุดดินนี้","['Cu', 'Dk']","เป็นกลุ่มชุดดินที่เกิดจากวัตถุต้นกำเนิดดินพวกตะกอนลำน้ำ 
                        หรือจากการสลายตัวผุพังอยู่กับที่ ของพวกวัสดุเนื้อหยาบ 
                        พบบริเวณพื้นที่ดอน มีสภาพพื้นที่เป็นลูกคลื่นลอนลาดจนถึงเป็นเนินเขา 
                        เป็นดินลึก มีการระบายน้ำดีมากเกินไป เนื้อดินเป็นพวกดินทราย 
                        สีดินเป็นสีเทา หรือสีน้ำตาลอ่อน และในดินล่าง ที่ลึกมากกว่า 
                        150 ซม. อาจพบเนื้อดินเป็นดินร่วนปนทรายหรือดินร่วนเหนียวปนทราย 
                        บางบริเวณอาจพบจุดประสีต่างๆ ในดินชั้นล่าง ดินมีความอุดมสมบูรณ์ตามธรรมชาติต่ำ 
                        ปฏิกิริยาดินโดยมากจะเป็นกรดจัดถึงเป็นกลาง",ต่ำ,0.4,0.020000000000000004,2.6,26.8,"[5.5, 6.5]",0.2,0.010000000000000002,2.0,19.4,"[5.5, 7.0]",6.5,5.5,7.0,5.5,"มีค่าระหว่าง 1.06-5.75 
                        เปอร์เซ็นต์โดยน้ำหนัก เฉลี่ย 3.11 เปอร์เซ็นต์โดยน้ำหนัก 
                        ภายในความลึก 120 เซนติเมตร จากผิวหน้าดิน
                        (หมายเหตุ ปริมาณน้ำที่พืชใช้ประโยชน์ได้ หมายถึงผลต่างของความชื้นความจุสนามมีค่าพลังงาน 
                        -33 กิโลพาสคาล และความชื้นที่จุดเหี่ยวถาวรมีค่าพลังงาน 
                        -1,500 กิโลพาสคาล)","['1.06', '5.75', '3.11', '120', '33', '1,500']",1.06,5.75,3.11
45,"ชุดดินชุมพร (Cp) ชุดดินหาดใหญ่ 
                        (Hy) ชุดดินคลองชาก (Kc) ชุดดินเขาขาด (Kkt) ชุดดินหนองคล้า 
                        (Nok) ชุดดินท่าฉาง (Tac) ชุดดินยะลา (Ya)หรือดินคล้ายอื่นๆ 
                        ที่มีลักษณะและสมบัติจัดอยู่ในกลุ่มชุดดินนี้","['Cp', 'Hy', 'Kc', 'Kkt', 'Nok', 'Tac']","เป็นกลุ่มชุดดินที่พบในเขตฝนตกชุก 
                        เช่น ภาคใต้ ภาคตะวันออก เกิดจากวัตถุต้นกำเนิดดินพวกตะกอนลำน้ำ 
                        หรือจากการสลายตัวผุพังอยู่กับที่ หรือจากการสลายตัวผุพังแล้วถูกเคลื่อนย้ายมาทับถม 
                        ของวัสดุเนื้อละเอียดที่มาจากพวกหินตะกอน พบบริเวณพื้นที่ดอน 
                        ที่มีสภาพพื้นที่เป็นลูกคลื่นจนถึงเนินเขา เป็นกลุ่มดินร่วนหรือดินเหนียวที่มีลูกรัง 
                        เศษหิน หรือก้อนกรวดปะปนมาก ภายในความลึก 50 ซม. มีการระบายน้ำดี 
                        กรวดส่วนใหญ่เป็นพวกหินกลมมน หรือเศษหินที่มีเหล็กเคลือบ 
                        สีดินเป็นสีน้ำตาลอ่อน สีเหลืองหรือสีแดง ปฏิกิริยาดินเป็นกรดจัดมากถึงกรดปานกลาง",ต่ำ,3.3,0.165,54.1,171.7,"[5.5, 6.0]",2.3,0.11499999999999999,28.8,111.4,"[4.5, 5.5]",6.0,5.5,5.5,4.5,"มีค่าระหว่าง 16.06-17.83 
                        เปอร์เซ็นต์โดยน้ำหนัก เฉลี่ย 17.21 เปอร์เซ็นต์โดยน้ำหนัก 
                        ภายในความลึก 120 เซนติเมตร จากผิวหน้าดิน
                        (หมายเหตุ ปริมาณน้ำที่พืชใช้ประโยชน์ได้ หมายถึงผลต่างของความชื้นความจุสนามมีค่าพลังงาน 
                        -33 กิโลพาสคาล และความชื้นที่จุดเหี่ยวถาวรมีค่าพลังงาน 
                        -1,500 กิโลพาสคาล)","['16.06', '17.83', '17.21', '120', '33', '1,500']",16.06,17.83,17.21
46,"ชุดดินเชียงคาน (Ch) ชุดดินกบินทร์บุรี 
                        (Kb) ชุดดินโป่งตอง (Po) ชุดดินสุรินทร์ (Su)หรือดินคล้ายอื่นๆ 
                        ที่มีลักษณะและสมบัติจัดอยู่ในกลุ่มชุดดินนี้","['Ch', 'Kb', 'Po']","เป็นกลุ่มชุดดินที่เกิดจากวัตถุต้นกำเนิดดินพวกตะกอนลำน้ำ 
                        หรือจากการสลายตัวผุพังอยู่กับที่ หรือจากการสลายตัวผุพังแล้วถูกเคลื่อนย้ายมาทับถม 
                        ของวัสดุเนื้อละเอียดที่มาจากพวกหินตะกอน หรือหินภูเขาไฟ 
                        พบบริเวณพื้นที่ดอน ที่มีสภาพพื้นที่เป็นลูกคลื่นจนถึงเนินเขา 
                        เป็นดินตื้นมาก มีการระบายน้ำดี เนื้อดินเป็นพวกดินเหนียวปนกรวดหรือปนลูกรัง 
                        หรือเศษหินที่มีเหล็กเคลือบ พบภายในความลึก 50 ซม. สีดินเป็นสีน้ำตาล 
                        สีเหลืองหรือสีแดง ดินมีความอุดมสมบูรณ์ตามธรรมชาติต่ำ ปฏิกิริยาดินเป็นกรดจัดมากถึงกรดเล็กน้อย",ต่ำ,2.0,0.1,3.5,73.6,"[5.5, 6.5]",1.6,0.08000000000000002,3.1,64.6,"[4.5, 5.5]",6.5,5.5,5.5,4.5,"มีค่าระหว่าง 14.06-16.79 
                        เปอร์เซ็นต์โดยน้ำหนัก เฉลี่ย 15.42 เปอร์เซ็นต์โดยน้ำหนัก 
                        ภายในความลึก 120 เซนติเมตร จากผิวหน้าดิน
                        (หมายเหตุ ปริมาณน้ำที่พืชใช้ประโยชน์ได้ หมายถึงผลต่างของความชื้นความจุสนามมีค่าพลังงาน 
                        -33 กิโลพาสคาล และความชื้นที่จุดเหี่ยวถาวรมีค่าพลังงาน 
                        -1,500 กิโลพาสคาล)","['14.06', '16.79', '15.42', '120', '33', '1,500']",14.06,16.79,15.42
47,"ชุดดินลี้ (Li) ชุดดินมวกเหล็ก 
                        (Ml) ชุดดินนครสวรรค์ (Ns) ชุดดินโป่งน้ำร้อน (Pon) ชุดดินสบปราบ 
                        (So) ชุดดินท่าลี่ (Tl)หรือดินคล้ายอื่นๆ ที่มีลักษณะและสมบัติจัดอยู่ในกลุ่มชุดดินนี้","['Li', 'Ml', 'Ns', 'Pon', 'So']","เป็นกลุ่มชุดดินที่เกิดจากการสลายตัวผุพังอยู่กับที่ 
                        หรือจากการสลายตัวผุพังแล้วถูกเคลื่อนย้ายมาในระยะทางไม่ไกลนัก 
                        ของวัสดุเนื้อละเอียดที่มาจากทั้งหินตะกอน หรือหินอัคนี 
                        พบบริเวณพื้นที่ดอน ที่มีสภาพพื้นที่เป็นลูกคลื่นลอนลาดจนถึงเนินเขา 
                        เป็นดินตื้น มีการระบายน้ำดี เนื้อดินเป็นพวกดินเหนียวหรือดินร่วนที่มีเศษหินปะปนมาก 
                        มักพบชั้นหินพื้นตื้นกว่า 50 ซม. สีดินเป็นสีน้ำตาล สีเหลืองหรือสีแดง 
                        ดินมี ปฏิกิริยาดินเป็นกรดจัดถึงเป็นกลาง",ต่ำ,3.2,0.16000000000000003,19.2,96.9,"[5.5, 7.0]",2.6,0.13,11.6,82.3,"[5.5, 6.5]",7.0,5.5,6.5,5.5,"มีค่าระหว่าง 14.93-19.07 
                        เปอร์เซ็นต์โดยน้ำหนัก เฉลี่ย 16.89 เปอร์เซ็นต์โดยน้ำหนัก 
                        ภายในความลึก 120 เซนติเมตร จากผิวหน้าดิน
                        (หมายเหตุ ปริมาณน้ำที่พืชใช้ประโยชน์ได้ หมายถึงผลต่างของความชื้นความจุสนามมีค่าพลังงาน 
                        -33 กิโลพาสคาล และความชื้นที่จุดเหี่ยวถาวรมีค่าพลังงาน 
                        -1,500 กิโลพาสคาล)","['14.93', '19.07', '16.89', '120', '33', '1,500']",14.93,19.07,16.89
48,"ชุดดินแม่ริม (Mr) ชุดดินน้ำชุน 
                        (Ncu) ชุดดินพะเยา (Pao) และชุดดินท่ายาง (Ty)หรือดินคล้ายอื่นๆ 
                        ที่มีลักษณะและสมบัติจัดอยู่ในกลุ่มชุดดินนี้","['Mr', 'Ncu', 'Pao']","เป็นกลุ่มชุดดินที่เกิดจากวัตถุต้นกำเนิดดินพวกตะกอนลำน้ำ 
                        หรือจากการสลายตัวผุพังอยู่กับที่ หรือจากการสลายตัวผุพังแล้วถูกเคลื่อนย้ายมาในระยะทางไม่ไกลนัก 
                        ของวัสดุเนื้อค่อนข้างหยาบ ที่มาจากพวกหินตะกอน หรือหินแปร 
                        พบบริเวณพื้นที่ดอน ที่มีสภาพพื้นที่เป็นลูกคลื่นลอนลาดจนถึงเนินเขา 
                        เป็นดินตื้น มีการระบายน้ำดี เนื้อดินบนส่วนใหญ่เป็นดินร่วนปนทราย 
                        ส่วนดินล่างเป็นดินปนเศษหินหรือปนกรวด ก้อนกรวดส่วนใหญ่เป็นหินกลมมน 
                        หรือเศษหินต่างๆ ถ้าเป็นดินปนเศษหินมักพบชั้นหินพื้นตื้นกว่า 
                        50 ซม. สีดินเป็นสีน้ำตาล สีเหลืองหรือสีแดง ปฏิกิริยาดินเป็นกรดจัดมากถึงกรดจัด",ต่ำ,1.3,0.065,1.5,141.0,"[4.5, 5.5]",1.1,0.05500000000000001,1.2,161.4,"[4.5, 5.5]",5.5,4.5,5.5,4.5,"มีค่าระหว่าง 13.26-17.78 
                        เปอร์เซ็นต์โดยน้ำหนัก เฉลี่ย 16.14 เปอร์เซ็นต์โดยน้ำหนัก 
                        ภายในความลึก 120 เซนติเมตร จากผิวหน้าดิน
                        (หมายเหตุ ปริมาณน้ำที่พืชใช้ประโยชน์ได้ หมายถึงผลต่างของความชื้นความจุสนามมีค่าพลังงาน 
                        -33 กิโลพาสคาล และความชื้นที่จุดเหี่ยวถาวรมีค่าพลังงาน 
                        -1,500 กิโลพาสคาล)","['13.26', '17.78', '16.14', '120', '33', '1,500']",13.26,17.78,16.14
49,"ชุดดินบรบือ (Bb) ชุดดินโพนพิสัย 
                        (Pp) ชุดดินสกล (Sk) ชุดดินสระแก้ว (Ska)หรือดินคล้ายอื่นๆ 
                        ที่มีลักษณะและสมบัติจัดอยู่ในกลุ่มชุดดินนี้","['Bb', 'Pp', 'Sk']","เป็นกลุ่มชุดดินที่เกิดจากวัตถุต้นกำเนิดดินพวกตะกอนลำน้ำ 
                        หรือจากการสลายตัวผุพังอยู่กับที่ หรือจากการสลายตัวผุพังแล้วถูกเคลื่อนย้ายมาทับถมในระยะทางไม่ไกลนัก 
                        ของวัตถุต้นกำเนิดดินที่มาจากวัสดุเนื้อค่อนข้างหยาบ วางทับอยู่บนชั้นดินที่เกิดจากการสลายตัวผุพังของหินพื้นหรือจากวัตถุต้นกำเนิดดินที่ต่างชนิดต่างยุคกัน 
                        พบบริเวณพื้นที่ดอน มีสภาพพื้นที่ค่อนข้างราบเรียบถึงลูกคลื่นลอนลาดเล็กน้อย 
                        เป็นดินตื้นถึงตื้นมากถึงชั้นลูกรัง มีการระบายน้ำดีปานกลาง 
                        เนื้อดินบนเป็นดินร่วนปนทราย ส่วนดินชั้นล่างเป็นดินเหนียว 
                        ปนลูกรังหรือเศษหินทราย พบภายในความลึกก่อน 50 ซม. สีดินเป็นสีน้ำตาล 
                        สีหรือสีเหลือง และก่อนความลึก 100 ซม. จะเป็นชั้นดินเหนียวสีเทา 
                        มีจุดประสีน้ำตาล สีแดง และมีศิลาแลงอ่อนปะปนอยู่จำนวนมาก 
                        อาจพบชั้นหินทรายหรือหินดินดานที่ผุพังสลายตัวแล้วในชั้นถัดไป 
                        ปฏิกิริยาดินเป็นกรดจัดมากถึงกรดเล็กน้อย",ต่ำ,1.6,0.08000000000000002,2.0,94.9,"[5.0, 6.5]",1.0,0.05,1.4,105.5,"[4.5, 5.5]",6.5,5.0,5.5,4.5,"มีค่าระหว่าง 12.03-16.84 
                        เปอร์เซ็นต์โดยน้ำหนัก เฉลี่ย 14.81 เปอร์เซ็นต์โดยน้ำหนัก 
                        ภายในความลึก 120 เซนติเมตร จากผิวหน้าดิน
                        (หมายเหตุ ปริมาณน้ำที่พืชใช้ประโยชน์ได้ หมายถึงผลต่างของความชื้นความจุสนามมีค่าพลังงาน 
                        -33 กิโลพาสคาล และความชื้นที่จุดเหี่ยวถาวรมีค่าพลังงาน 
                        -1,500 กิโลพาสคาล)","['12.03', '16.84', '14.81', '120', '33', '1,500']",12.03,16.84,14.81
50,"ชุดดินพะโต๊ะ (Pto) ชุดดินสวี 
                        (Sw)หรือดินคล้ายอื่นๆ ที่มีลักษณะและสมบัติจัดอยู่ในกลุ่มชุดดินนี้",['Pto'],"เป็นกลุ่มชุดดินที่พบในเขตฝนตกชุก 
                        เช่น ภาคใต้ ภาคตะวันออก เกิดจากการสลายตัวผุพังอยู่กับที่ 
                        หรือจากการสลายตัวผุพังแล้วถูกเคลื่อนย้ายมาทับถมในระยะทางไม่ไกลนัก 
                        ของวัสดุเนื้อหยาบที่มาจากพวกหินตะกอน หรือจากวัตถุต้นกำเนิดดินพวกตะกอนลำน้ำ 
                        พบบริเวณพื้นที่ดอน มีสภาพพื้นที่เป็นลูกคลื่นลอนลาดจนถึงเนินเขา 
                        เป็นดินลึกปานกลาง มีการระบายน้ำดี เนื้อดินช่วง 50 ซม. 
                        ตอนบนเป็นดินร่วนปนทรายหรือดินร่วนเหนียวปนทราย ในระดับความลึก 
                        ประมาณ 50-100 ซม. จะพบชั้นดินปนเศษหินหรือลูกรังปริมาณมาก 
                        สีดินเป็นสีน้ำตาล สีเหลืองหรือสีแดง ปฏิกิริยาดินเป็นกรดจัดมากถึงกรดจัด",ต่ำ,1.1,0.05500000000000001,1.9,42.2,"[5.0, 5.5]",0.8,0.04000000000000001,1.7,43.3,"[5.0, 5.5]",5.5,5.0,5.5,5.0,"มีค่าระหว่าง 15.45-17.76 
                        เปอร์เซ็นต์โดยน้ำหนัก เฉลี่ย 16.57 เปอร์เซ็นต์โดยน้ำหนัก 
                        ภายในความลึก 120 เซนติเมตร จากผิวหน้าดิน
                        (หมายเหตุ ปริมาณน้ำที่พืชใช้ประโยชน์ได้ หมายถึงผลต่างของความชื้นความจุสนามมีค่าพลังงาน 
                        -33 กิโลพาสคาล และความชื้นที่จุดเหี่ยวถาวรมีค่าพลังงาน 
                        -1,500 กิโลพาสคาล)","['15.45', '17.76', '16.57', '120', '33', '1,500']",15.45,17.76,16.57
51,"ชุดดินห้วยยอด (Ho) ชุดดินคลองเต็ง 
                        (Klt) ชุดดินระนอง (Rg) ชุดดินยี่งอ (Yg)หรือดินคล้ายอื่นๆ 
                        ที่มีลักษณะและสมบัติจัดอยู่ในกลุ่มชุดดินนี้","['Ho', 'Klt', 'Rg']","เป็นกลุ่มชุดดินที่พบในเขตฝนตกชุก 
                        เช่น ภาคใต้ ภาคตะวันออก เกิดจากการสลายตัวผุพังอยู่กับที่ 
                        หรือจากการสลายตัวผุพังแล้วถูกเคลื่อนย้ายมาทับถมในระยะทางไม่ไกลนัก 
                        ของวัสดุเนื้อค่อนข้างหยาบหรือค่อนข้างละเอียด ที่มาจากพวกหินตะกอนหรือหินแปร 
                        พบบริเวณพื้นที่ดอนที่เป็นเนินเขาหรือบริเวณที่ลาดเชิงเขา 
                        เป็นดินตื้นหรือตื้นมาก มีการระบายน้ำดี เนื้อดินเป็นพวกดินร่วนปนเศษหิน 
                        เศษหินส่วนใหญ่เป็นพวกเศษหินทราย ควอร์ตไซต์ หรือหินดินดาน 
                        และพบชั้นหินพื้น ภายในความลึก 50 ซม. สีดินเป็นสีน้ำตาล 
                        สีเหลืองหรือสีแดง ปฏิกิริยาดินเป็นกรดจัดมากถึงกรดจัด",ต่ำ,3.1,0.15500000000000003,2.2,94.5,"[5.0, 5.5]",2.6,0.13,1.8,76.4,"[4.5, 5.0]",5.5,5.0,5.0,4.5,"มีค่าระหว่าง 16.78-17.26 
                        เปอร์เซ็นต์โดยน้ำหนัก เฉลี่ย 16.87 เปอร์เซ็นต์โดยน้ำหนัก 
                        ภายในความลึก 120 เซนติเมตร จากผิวหน้าดิน
                        (หมายเหตุ ปริมาณน้ำที่พืชใช้ประโยชน์ได้ หมายถึงผลต่างของความชื้นความจุสนามมีค่าพลังงาน 
                        -33 กิโลพาสคาล และความชื้นที่จุดเหี่ยวถาวรมีค่าพลังงาน 
                        -1,500 กิโลพาสคาล)","['16.78', '17.26', '16.87', '120', '33', '1,500']",16.78,17.26,16.87
52,"ชุดดินบึงชะนัง (Bng) ชุดดินตาคลี 
                        (Tk)หรือดินคล้ายอื่นๆ ที่มีลักษณะและสมบัติจัดอยู่ในกลุ่มชุดดินนี้",['Bng'],"เป็นกลุ่มชุดดินที่เกิดจากตะกอนลำน้ำ 
                        ทับอยู่บนชั้นปูนมาร์ล พบบริเวณที่ลาดเชิงเขาหินปูน มีสภาพพื้นที่ค่อนข้างราบเรียบถึงเป็นลูกคลื่นลอนลาดเล็กน้อย 
                        เป็นดินตื้นถึงตื้นมากถึงชั้นปูนมาร์ล มีการระบายน้ำดี เนื้อดินเป็นพวกดินเหนียว 
                        ดินร่วนเหนียว หรือดินร่วนเหนียวปนทรายแป้ง ที่มีก้อนปูนหรือปูนมาร์ลปะปนอยู่มาก 
                        สีดินเป็นสีดำ สีน้ำตาลหรือสีแดง ปฏิกิริยาดินเป็นกลางถึงด่างจัด",ปานกลางถึงสูง,7.0,0.35000000000000003,6.5,354.0,"[7.0, 8.5]",5.6,0.27999999999999997,5.6,289.7,"[7.0, 8.5]",8.5,7.0,8.5,7.0,"มีค่าระหว่าง 16.46-20.46 
                        เปอร์เซ็นต์โดยน้ำหนัก เฉลี่ย 18.36 เปอร์เซ็นต์โดยน้ำหนัก 
                        ภายในความลึก 120 เซนติเมตร จากผิวหน้าดิน
                        (หมายเหตุ ปริมาณน้ำที่พืชใช้ประโยชน์ได้ หมายถึงผลต่างของความชื้นความจุสนามมีค่าพลังงาน 
                        -33 กิโลพาสคาล และความชื้นที่จุดเหี่ยวถาวรมีค่าพลังงาน 
                        -1,500 กิโลพาสคาล)","['16.46', '20.46', '18.36', '120', '33', '1,500']",16.46,20.46,18.36
53,"ชุดดินนาทอน (Ntn) ชุดดินโอลำเจียก 
                        (Oc) ชุดดินปะดังเบซาร์ (Pad) ชุดดินตราด (Td) ชุดดินตรัง 
                        (Tng)หรือดินคล้ายอื่นๆ ที่มีลักษณะและสมบัติจัดอยู่ในกลุ่มชุดดินนี้","['Ntn', 'Oc', 'Pad', 'Td']","เป็นกลุ่มชุดดินที่พบในเขตฝนตกชุก 
                        เช่น ภาคใต้ ภาคตะวันออก เกิดจากการสลายตัวผุพังอยู่กับที่ 
                        หรือจากการสลายตัวผุพังแล้วถูกเคลื่อนย้ายมาทับถมในระยะทางไม่ไกลนัก 
                        ของวัสดุเนื้อละเอียดที่มาจากพวกหินตะกอน หรือหินแปร พบบริเวณพื้นที่ดอน 
                        ที่เป็นลูกคลื่นลอนลาดถึงเป็นเนินเขา เป็นดินลึกปานกลาง 
                        มีการระบายน้ำดี เนื้อดินบนเป็นดินร่วนหรือดินร่วนปนดินเหนียวทับอยู่บนดินเหนียว 
                        ส่วนดินล่างในระดับความลึกระหว่าง 50-100 ซม.เป็นดินเหนียวปนลูกรังหรือดินปนเศษหินผุ 
                        สีดินเป็นสีน้ำตาลอ่อน สีเหลืองหรือสีแดง ปฏิกิริยาดินเป็นกรดจัดมากถึงกรดจัด",ต่ำ,2.9,0.145,2.5,64.6,"[5.0, 5.5]",2.3,0.11499999999999999,2.4,49.5,"[5.0, 5.5]",5.5,5.0,5.5,5.0,"มีค่าระหว่าง 17.09-20.69 
                        เปอร์เซ็นต์โดยน้ำหนัก เฉลี่ย 19.18 เปอร์เซ็นต์โดยน้ำหนัก 
                        ภายในความลึก 120 เซนติเมตร จากผิวหน้าดิน
                        (หมายเหตุ ปริมาณน้ำที่พืชใช้ประโยชน์ได้ หมายถึงผลต่างของความชื้นความจุสนามมีค่าพลังงาน 
                        -33 กิโลพาสคาล และความชื้นที่จุดเหี่ยวถาวรมีค่าพลังงาน 
                        -1,500 กิโลพาสคาล)","['17.09', '20.69', '19.18', '120', '33', '1,500']",17.09,20.69,19.18
54,"ชุดดินลำพญากลาง (Lg) ชุดดินลำนารายณ์ 
                        (Ln) และชุดดินสมอทอด (Sat)หรือดินคล้ายอื่นๆ ที่มีลักษณะและสมบัติจัดอยู่ในกลุ่มชุดดินนี้","['Lg', 'Ln']","เป็นกลุ่มชุดดินที่เกิดจากการสลายตัวผุพังอยู่กับที่ 
                        หรือจากการสลายตัวผุพังแล้วถูกเคลื่อนย้ายมาทับถมในระยะทางไม่ไกลนัก 
                        ของวัตถุต้นกำเนิดดินที่เป็นพวกหินอัคนี เช่น บะซอลต์ แอนดีไซต์ 
                        พบบริเวณพื้นที่ดอน มีสภาพพื้นที่เป็นลูกคลื่นลอนลาดถึงลูกคลื่นลอนชัน 
                        มักอยู่ใกล้กับบริเวณเทือกเขาหินปูน หรือหินภูเขาไฟ เป็นดินลึกปานกลาง 
                        มีการระบายน้ำดีถึงดีปานกลาง เนื้อดินเป็นดินร่วนเหนียวหรือดินเหนียว 
                        โดยปกติจะมีก้อนปูนหรือเศษหินที่กำลังผุพังสลายตัวปะปนอยู่ในเนื้อดินด้วย 
                        ในชั้นดินล่างลึกๆ อาจพบชั้นปูนมาร์ล สีดินเป็นสีเทาเข้มหรือสีน้ำตาลหรือน้ำตาลปนแดง 
                        ชั้นดินล่างอาจมีจุดประสีเหลืองและสีแดง ปฏิกิริยาของดินส่วนใหญ่จะเป็นกรดเล็กน้อยถึงเป็นด่างจัด",ปานกลาง,2.5,0.125,24.0,254.0,"[6.5, 8.0]",2.0,0.1,18.1,217.3,"[7.0, 8.5]",8.0,6.5,8.5,7.0,"มีค่าระหว่าง 16.39-22.05 
                        เปอร์เซ็นต์โดยน้ำหนัก เฉลี่ย 20.15 เปอร์เซ็นต์โดยน้ำหนัก 
                        ภายในความลึก 120 เซนติเมตร จากผิวหน้าดิน
                        (หมายเหตุ ปริมาณน้ำที่พืชใช้ประโยชน์ได้ หมายถึงผลต่างของความชื้นความจุสนามมีค่าพลังงาน 
                        -33 กิโลพาสคาล และความชื้นที่จุดเหี่ยวถาวรมีค่าพลังงาน 
                        -1,500 กิโลพาสคาล)","['16.39', '22.05', '20.15', '120', '33', '1,500']",16.39,22.05,20.15
55,"ชุดดินจัตุรัส (Ct) ชุดดินวังสะพุง 
                        (Ws)หรือดินคล้ายอื่นๆ ที่มีลักษณะและสมบัติจัดอยู่ในกลุ่มชุดดินนี้",['Ct'],"เป็นกลุ่มชุดดินที่เกิดจากการสลายตัวผุพังอยู่กับที่ 
                        หรือจากการสลายตัวผุพังแล้วถูกเคลื่อนย้ายมาทับถมในระยะทางไม่ไกลนัก 
                        ของวัตถุต้นกำเนิดดินที่มาจากวัสดุเนื้อละเอียดที่มีปูนปน 
                        พบบริเวณพื้นที่ดอน มีสภาพพื้นที่ค่อนข้างราบเรียบถึงลูกคลื่นลอนลาด 
                        เป็นดินลึกปานกลาง มีการระบายน้ำดีถึงดีปานกลาง เนื้อดินเป็นดินเหนียว 
                        ในดินชั้นล่างที่ระดับความลึกประมาณ 50 – 100 ซม. พบชั้นหินผุ 
                        ซึ่งส่วนใหญ่เป็นหินตะกอนเนื้อละเอียด บางแห่งมีก้อนปูนปะปนอยู่ด้วย 
                        สีดินเป็นสีน้ำตาล สีเหลืองหรือสีแดง ปฏิกิริยาดินเป็นกรดปานกลางถึงเป็นด่างปานกลาง",ปานกลาง,4.3,0.215,4.8,123.0,"[6.5, 7.5]",4.0,0.2,4.0,119.2,"[6.0, 8.0]",7.5,6.5,8.0,6.0,"มีค่าระหว่าง 14.66-17.89 
                        เปอร์เซ็นต์โดยน้ำหนัก เฉลี่ย 16.30 เปอร์เซ็นต์โดยน้ำหนัก 
                        ภายในความลึก 120 เซนติเมตร จากผิวหน้าดิน
                        (หมายเหตุ ปริมาณน้ำที่พืชใช้ประโยชน์ได้ หมายถึงผลต่างของความชื้นความจุสนามมีค่าพลังงาน 
                        -33 กิโลพาสคาล และความชื้นที่จุดเหี่ยวถาวรมีค่าพลังงาน 
                        -1,500 กิโลพาสคาล)","['14.66', '17.89', '16.30', '120', '33', '1,500']",14.66,17.89,16.30
56,"ชุดดินลาดหญ้า (Ly) ชุดดินภูสะนา 
                        (Ps) ชุดดินโพนงาม (Png)หรือดินคล้ายอื่นๆ ที่มีลักษณะและสมบัติจัดอยู่ในกลุ่มชุดดินนี้","['Ly', 'Ps']","เป็นกลุ่มชุดดินที่เกิดจากการสลายตัวผุพังอยู่กับที่ 
                        หรือจากการสลายตัวผุพังแล้วถูกเคลื่อนย้ายมาทับถมในระยะทางไม่ไกลนัก 
                        ของวัสดุเนื้อหยาบที่มาจากพวกหินตะกอนหรือหินอัคนี พบบริเวณพื้นที่ดอน 
                        มีสภาพพื้นที่เป็นลูกคลื่นลอนลาดจนถึงเนินเขา เป็นดินลึกปานกลาง 
                        มีการระบายน้ำดี เนื้อดินตอนบนช่วง 50 ซม. เป็นดินร่วนหรือดินร่วนปนทราย 
                        ส่วนดินล่างเป็นดินปนเศษหิน มักพบชั้นพบหินพื้นลึกกว่า 100 
                        ซม. สีดินเป็นสีน้ำตาล สีเหลืองหรือสีแดง ปฏิกิริยาดินเป็นกรดจัดมากถึงกรดปานกลาง",ต่ำ,1.9,0.095,2.7,60.4,"[5.0, 6.0]",1.6,0.08000000000000002,2.6,49.9,"[5.5, 6.0]",6.0,5.0,6.0,5.5,"มีค่าระหว่าง 11.39-15.79 
                        เปอร์เซ็นต์โดยน้ำหนัก เฉลี่ย 13.96 เปอร์เซ็นต์โดยน้ำหนัก 
                        ภายในความลึก 120 เซนติเมตร จากผิวหน้าดิน
                        (หมายเหตุ ปริมาณน้ำที่พืชใช้ประโยชน์ได้ หมายถึงผลต่างของความชื้นความจุสนามมีค่าพลังงาน 
                        -33 กิโลพาสคาล และความชื้นที่จุดเหี่ยวถาวรมีค่าพลังงาน 
                        -1,500 กิโลพาสคาล)","['11.39', '15.79', '13.96', '120', '33', '1,500']",11.39,15.79,13.96
57,"ชุดดินกาบแดง (Kd)หรือดินคล้ายอื่นๆ 
                        ที่มีลักษณะและสมบัติจัดอยู่ในกลุ่มชุดดินนี้",[],"เป็นกลุ่มชุดดินที่พบบริเวณพื้นที่ลุ่มต่ำหรือพื้นที่พรุ 
                        มีน้ำแช่ขังอยู่เป็นเวลานานหรือตลอดปี การระบายน้ำเลวมาก 
                        มีเนื้อดินเป็นพวกดินอินทรีย์ที่สลายตัวปานกลางหนา 40-100 
                        ซม. บางแห่งเป็นชั้นอินทรียวัตถุสลับกับพวกดินอนินทรีย์ 
                        สีดินเป็นสีดำหรือสีน้ำตาลในชั้นดินอินทรีย์ ส่วนดินอนินทรีย์ที่เกิดเป็นชั้นสลับอยู่ 
                        มีสีเป็นสีเทา ใต้ชั้นดินอินทรีย์ลงไปเป็นดินเลนตะกอนน้ำทะเล 
                        ที่มักพบระหว่างความลึก 50-100 ซม. มีสีเทาหรือสีเทาปนเขียว 
                        และมีสารประกอบกำมะถัน (ไพไรต์) อยู่มาก มีความอุดมสมบูรณ์ตามธรรมชาติต่ำปฏิกิริยาดินเป็นกรดจัดมาก",ต่ำ,41.4,2.07,53.4,117.8,"[4.5, 5.0]",48.1,2.4050000000000002,58.0,164.5,"[4.5, 5.0]",5.0,4.5,5.0,4.5,ไม่มีข้อมูล,[],,,
58,"ชุดดินนราธิวาส 
                          (Nw) หรือดินคล้ายอื่นๆ ที่มีลักษณะและสมบัติจัดอยู่ในกลุ่มชุดดินนี้",['Nw'],"เป็นกลุ่มชุดดินที่มีลักษณะคล้ายคลึงกับกลุ่มชุดดินที่ 
                        57 คือ พบบริเวณพื้นที่ลุ่มต่ำหรือพื้นที่พรุ มีน้ำแช่ขังอยู่เป็นเวลานานหรือตลอดปี 
                        เป็นดินลึก การระบายน้ำเลวมาก มีเนื้อดินเป็นพวกดินอินทรีย์ที่มีเนื้อหยาบ 
                        ที่มีความหนามากกว่า 100 ซม. มักมีเศษพืชขนาดเล็กและขนาดใหญ่ปะปนอยู่ทั่วไป",ต่ำ,103.1,5.155,59.5,203.8,"[4.0, 4.5]",103.8,5.19,45.1,200.1,"[4.0, 4.5]",4.5,4.0,4.5,4.0,ไม่มีข้อมูล,[],,,
59,"เนื่องจากหน่วยแผนที่นี้เป็นหน่วยผสมของดินหลายชนิด 
                        ดังนั้นในแผนที่ดินระดับจังหวัด จึงเรียกว่าเป็นพวกดินตะกอนน้ำพาเชิงซ้อนที่มีการระบายน้ำเลว 
                        (AC-pd : Alluvial Complex, poorly drained)","['AC', 'pd', 'Alluvial', 'Complex,', 'poorly', 'drained']","กลุ่มดินนี้พบบริเวณที่ราบลุ่มหรือบริเวณพื้นล่างของเนิน 
                        หรือหุบเขา ที่มีสภาพพื้นที่ราบเรียบถึงค่อนข้างราบเรียบ 
                        เป็นหน่วยผสมของดินหลายชนิดที่เกิดจากตะกอนลำน้ำพัดพามาทับถมกัน 
                        ดินที่พบส่วนใหญ่มีการระบายน้ำค่อนข้างเลวถึงเลว มีลักษณะและคุณสมบัติต่างๆ 
                        ไม่แน่นอน เช่น เนื้อดิน สีดิน ความลึกของดิน ปฏิกิริยาดินเป็นกรดจัดถึงเป็นกลาง 
                        ส่วนมากมีก้อนกรวดและเศษหินปะปนอยู่ในเนื้อดินด้วย",ไม่แน่นอนขึ้นอยู่กับชนิดของวัตถุต้นกำเนิดดินในบริเวณนั้นๆ,0.4,0.020000000000000004,2.2,25.0,"[5.5, 7.0]",,-1.0,,,"[-1, -1]",7.0,5.5,-1.0,-1.0,ไม่มีข้อมูล,[],,,
60,"เนื่องจากหน่วยแผนที่นี้เป็นหน่วยผสมของดินหลายชนิด 
                        ดังนั้นในแผนที่ดินระดับจังหวัด จึงเรียกว่าเป็น พวกดินตะกอนลำน้ำเชิงซ้อนที่มีการระบายน้ำดี 
                        (AC-wd : Alluvial Complex, well drained)","['AC', 'wd', 'Alluvial', 'Complex,', 'well', 'drained']","กลุ่มดินนี้พบบริเวณสันดินริมน้ำ 
                        บริเวณพื้นที่เนินตะกอน ซึ่งส่วนใหญ่มีสภาพพื้นที่ค่อนข้างเรียบจนถึงลูกคลื่นลอนลาด 
                        เป็นหน่วยผสมของดินหลายชนิดที่เกิดจากตะกอนลำน้ำพัดพามาทับถมกัน 
                        ดินที่พบส่วนใหญ่มีการระบายน้ำดีถึงดีปานกลาง เป็นดินลึกเนื้อดินเป็นพวกดินร่วน 
                        บางแห่งมีชั้นดินที่มีเนื้อดินค่อนข้างเป็นทราย หรือมีชั้นกรวด 
                        ซึ่งแสดงถึงการตกตะกอนต่างยุคของดินอันเป็นผลมาจากการเกิดน้ำท่วมใหญ่ในอดีต 
                        และปฏิกิริยาดินเป็นกรดปานกลางถึงเป็นกลาง",ไม่แน่นอนขึ้นอยู่กับวัตถุต้นกำเนิดดินในบริเวณนั้นๆ,2.0,0.1,5.6,59.0,"[6.0, 7.0]",1.4,0.06999999999999999,4.2,60.1,"[6.0, 7.0]",7.0,6.0,7.0,6.0,ไม่มีข้อมูล,[],,,
61,หน่วยแผนที่นี้ประกอบด้วยดินบริเวณเชิงเขาที่มีดินหลายอย่างเกิดปะปนกัน,[],"กลุ่มดินนี้เป็นหน่วยผสมของดินหลายชนิดซึ่งเกิดจากการผุพังสลายตัวของหินต้นกำเนิดชนิดต่างๆ 
                        แล้วถูกพัดพามาทับทมบริเวณที่ลาดเชิงเขา มีสภาพพื้นที่เป็นลูกคลื่นลอนลาดถึงลอนชัน 
                        ดินที่พบส่วนใหญ่มีการระบายน้ำดีถึงปานกลาง มีลักษณะและสมบัติต่างๆ 
                        เช่น เนื้อดิน สีดิน ความลึกของดิน ปฏิกิริยาดิน ตลอดจนความอุดมสมบูรณ์ตามธรรมชาติไม่แน่นอน 
                        ซึ่งขึ้นอยู่กับชนิดของวัตถุต้นกำเนิดดินในบริเวณนั้นๆ ส่วนใหญ่มักมีเศษหิน 
                        ก้อนหินและหินพื้นโผล่กระจัดกระจายทั่วไป",ไม่แน่นอน ขึ้นอยู่กับชนิดของวัตถุต้นกำเนิดดินในบริเวณนั้นๆ,1.3,0.065,1.5,141.0,"[5.5, 7.0]",1.1,0.05500000000000001,1.2,161.4,"[5.0, 6.5]",7.0,5.5,6.5,5.0,ไม่มีข้อมูล,[],,,
62,"พื้นที่ลาดชันเชิงซ้อน (SC 
                        : slope complex)","['SC', 'slope', 'complex']","กลุ่มดินนี้ประกอบด้วยพื้นที่ภูเขาและเทือกเขาซึ่งมีความลาดชันมากกว่าร้อยละ 
                        35 ลักษณะและสมบัติของดินที่พบไม่แน่นอน มีทั้งดินลึกและดินตื้น 
                        ลักษณะของเนื้อดินและความอุดมสมบูรณ์ตามธรรมชาติแตกต่างกันไปแล้วแต่ชนิดของหินต้นกำเนิดในบริเวณนั้น 
                        มักมีเศษหิน ก้อนหินหรือพื้นโผล่กระจัดกระจายทั่วไป ส่วนใหญ่ยังปกคลุมด้วยป่าไม้ประเภทต่างๆ 
                        เช่น ป่าเบญจพรรณ ป่าเต็งรังหรือป่าดงดิบชื้น หลายแห่งมีการทำไร่เลื่อนลอยโดยปราศจากมาตรการในการอนุรักษ์ดินและน้ำ 
                        ซึ่งเป็นผลทำให้เกิดการชะล้างพังทลายของหน้าดิน จนบางแห่งเหลือแต่หินโผล่",,,-1.0,,,"[-1, -1]",,-1.0,,,"[-1, -1]",-1.0,-1.0,-1.0,-1.0,ไม่มีข้อมูล,[],,,
